series,band,n,mean_predicted,actual_frequency,gap,abs_gap,thin,type
Hedge,0-10%,4577,0.07363457637972241,0.054183963294734544,-0.01945061308498787,0.01945061308498787,False,algorithm
Hedge,10-20%,23966,0.1596841630088234,0.14587332053742802,-0.013810842471395385,0.013810842471395385,False,algorithm
Hedge,20-30%,92191,0.26143968031626,0.2545801650920372,-0.006859515224222845,0.006859515224222845,False,algorithm
Hedge,30-40%,49760,0.3409328798217279,0.34296623794212217,0.0020333581203942908,0.0020333581203942908,False,algorithm
Hedge,40-50%,29661,0.44571737574199505,0.4550419743096996,0.009324598567704567,0.009324598567704567,False,algorithm
Hedge,50-60%,16325,0.5453468094457514,0.55895865237366,0.013611842927908624,0.013611842927908624,False,algorithm
Hedge,60-70%,7876,0.6445638045383971,0.6775012696800407,0.03293746514164353,0.03293746514164353,False,algorithm
Hedge,70-80%,3935,0.7445840393679148,0.7799237611181703,0.03533972175025546,0.03533972175025546,False,algorithm
Hedge,80-90%,1423,0.8351574806821569,0.8713984539704849,0.03624097328832798,0.03624097328832798,False,algorithm
Hedge,90-100%,38,0.9109648611041088,0.9736842105263158,0.06271934942220703,0.06271934942220703,True,algorithm
OGD,0-10%,4918,0.07309504847249487,0.05429036193574624,-0.018804686536748633,0.018804686536748633,False,algorithm
OGD,10-20%,24666,0.1594304952233618,0.1487472634395524,-0.010683231783809394,0.010683231783809394,False,algorithm
OGD,20-30%,90100,0.2607583550776607,0.25430632630410654,-0.006452028773554164,0.006452028773554164,False,algorithm
OGD,30-40%,50675,0.3400468641745204,0.3420424272323631,0.0019955630578427086,0.0019955630578427086,False,algorithm
OGD,40-50%,29183,0.44576522920602796,0.4547853202206764,0.009020091014648457,0.009020091014648457,False,algorithm
OGD,50-60%,16441,0.5450963343832543,0.5549540782190864,0.009857743835832045,0.009857743835832045,False,algorithm
OGD,60-70%,8088,0.6442295078352583,0.6711177052423343,0.02688819740707593,0.02688819740707593,False,algorithm
OGD,70-80%,4037,0.7443572504129539,0.7797869705226653,0.03542972010971146,0.03542972010971146,False,algorithm
OGD,80-90%,1584,0.8364004609434116,0.865530303030303,0.0291298420868914,0.0291298420868914,False,algorithm
OGD,90-100%,60,0.9125165825690847,0.9833333333333333,0.07081675076424854,0.07081675076424854,True,algorithm
FTRL,0-10%,4576,0.07368583168979347,0.05419580419580419,-0.019490027493989273,0.019490027493989273,False,algorithm
FTRL,10-20%,23941,0.1596931861006885,0.14585856898208094,-0.013834617118607562,0.013834617118607562,False,algorithm
FTRL,20-30%,92222,0.26143593984486024,0.25450543254321095,-0.006930507301649291,0.006930507301649291,False,algorithm
FTRL,30-40%,49761,0.3409502881388503,0.3430598259681277,0.0021095378292773637,0.0021095378292773637,False,algorithm
FTRL,40-50%,29672,0.4457350893735811,0.45500808843354,0.00927299905995893,0.00927299905995893,False,algorithm
FTRL,50-60%,16315,0.5453582823806838,0.5590560833588722,0.013697800978188401,0.013697800978188401,False,algorithm
FTRL,60-70%,7875,0.6445594409894366,0.677968253968254,0.03340881297881737,0.03340881297881737,False,algorithm
FTRL,70-80%,3935,0.7446169969802291,0.7799237611181703,0.035306764137941204,0.035306764137941204,False,algorithm
FTRL,80-90%,1417,0.8351911957532808,0.8715596330275229,0.036368437274242105,0.036368437274242105,False,algorithm
FTRL,90-100%,38,0.9109257651504854,0.9736842105263158,0.06275844537583042,0.06275844537583042,True,algorithm
Uniform average,0-10%,4440,0.07354242653405534,0.0545045045045045,-0.019037922029550833,0.019037922029550833,False,algorithm
Uniform average,10-20%,23714,0.15970856251426907,0.14506198869865902,-0.014646573815610048,0.014646573815610048,False,algorithm
Uniform average,20-30%,92900,0.26153199880095895,0.25503767491926804,-0.006494323881690911,0.006494323881690911,False,algorithm
Uniform average,30-40%,49441,0.34124504662933774,0.3427115147347343,0.001466468105396579,0.001466468105396579,False,algorithm
Uniform average,40-50%,29787,0.4456649537545258,0.45449357102091514,0.008828617266389338,0.008828617266389338,False,algorithm
Uniform average,50-60%,16411,0.5451535053820523,0.5599902504417769,0.014836745059724543,0.014836745059724543,False,algorithm
Uniform average,60-70%,7743,0.6446674399244914,0.6786775151749967,0.03401007525050537,0.03401007525050537,False,algorithm
Uniform average,70-80%,3874,0.7443110801260868,0.7787816210635002,0.03447054093741342,0.03447054093741342,False,algorithm
Uniform average,80-90%,1409,0.8343780524371617,0.8750887154009936,0.04071066296383197,0.04071066296383197,False,algorithm
Uniform average,90-100%,33,0.9099331447441572,0.9696969696969697,0.059763824952812516,0.059763824952812516,True,algorithm
B365,0-10%,4500,0.07462223710112617,0.058888888888888886,-0.015733348212237284,0.015733348212237284,False,bookmaker
B365,10-20%,24474,0.16015596647263478,0.14721745525864183,-0.012938511213992948,0.012938511213992948,False,bookmaker
B365,20-30%,93898,0.2612260821940907,0.2585678076210356,-0.0026582745730551194,0.0026582745730551194,False,bookmaker
B365,30-40%,46510,0.34260146485553794,0.3413244463556224,-0.0012770184999155165,0.0012770184999155165,False,bookmaker
B365,40-50%,30078,0.4475764209764644,0.45132655096748453,0.0037501299910201458,0.0037501299910201458,False,bookmaker
B365,50-60%,16607,0.5463084267142078,0.5579574878063467,0.011649061092138924,0.011649061092138924,False,bookmaker
B365,60-70%,8079,0.6446387965793617,0.6713702190865206,0.026731422507158875,0.026731422507158875,False,bookmaker
B365,70-80%,3737,0.7448919528754769,0.7773615199357774,0.032469567060300464,0.032469567060300464,False,bookmaker
B365,80-90%,1410,0.8326058729682845,0.8702127659574468,0.03760689298916231,0.03760689298916231,False,bookmaker
B365,90-100%,21,0.9105730658722166,0.9047619047619048,-0.00581116111031188,0.00581116111031188,True,bookmaker
BW,0-10%,3911,0.07389971382814402,0.059575556123753516,-0.014324157704390501,0.014324157704390501,False,bookmaker
BW,10-20%,21671,0.16021406470146343,0.14286373494531862,-0.01735032975614481,0.01735032975614481,False,bookmaker
BW,20-30%,89622,0.261218192951615,0.25662225792774096,-0.004595935023874065,0.004595935023874065,False,bookmaker
BW,30-40%,46924,0.3425483268552218,0.3411260762083369,-0.0014222506468848928,0.0014222506468848928,False,bookmaker
BW,40-50%,28743,0.4458092296020408,0.4527711094875274,0.006961879885486633,0.006961879885486633,False,bookmaker
BW,50-60%,15523,0.5446261713824225,0.5630999162533016,0.01847374487087905,0.01847374487087905,False,bookmaker
BW,60-70%,7118,0.6443175867873883,0.6815116605788143,0.03719407379142603,0.03719407379142603,False,bookmaker
BW,70-80%,3455,0.7451646878992283,0.7742402315484804,0.029075543649252134,0.029075543649252134,False,bookmaker
BW,80-90%,1251,0.8335793520834899,0.8792965627498002,0.04571721066631029,0.04571721066631029,False,bookmaker
BW,90-100%,38,0.9108829286032765,0.9473684210526315,0.03648549244935506,0.03648549244935506,True,bookmaker
IW,0-10%,2793,0.07402305709390274,0.05334765485141425,-0.020675402242488483,0.020675402242488483,False,bookmaker
IW,10-20%,16614,0.16030577955137637,0.13885879378837127,-0.021446985763005105,0.021446985763005105,False,bookmaker
IW,20-30%,69660,0.2635666745450346,0.254794717197818,-0.008771957347216586,0.008771957347216586,False,bookmaker
IW,30-40%,39625,0.34155390557392823,0.34203154574132494,0.000477640167396709,0.000477640167396709,False,bookmaker
IW,40-50%,22360,0.44446788832417167,0.4588998211091234,0.014431932784951751,0.014431932784951751,False,bookmaker
IW,50-60%,11666,0.5449669382259553,0.566946682667581,0.021979744441625648,0.021979744441625648,False,bookmaker
IW,60-70%,5253,0.643844644151926,0.6954121454407005,0.05156750128877452,0.05156750128877452,False,bookmaker
IW,70-80%,2759,0.7449724860416242,0.785067053280174,0.04009456723854976,0.04009456723854976,False,bookmaker
IW,80-90%,810,0.8318965982203741,0.8876543209876543,0.05575772276728019,0.05575772276728019,False,bookmaker
IW,90-100%,15,0.9058526230839524,0.9333333333333333,0.027480710249380924,0.027480710249380924,True,bookmaker
PS,0-10%,4562,0.07292357994654634,0.06269180184129768,-0.010231778105248668,0.010231778105248668,False,bookmaker
PS,10-20%,22848,0.15956658180143524,0.14972864145658263,-0.009837940344852608,0.009837940344852608,False,bookmaker
PS,20-30%,84015,0.26024223497948556,0.2567517705171696,-0.0034904644623159897,0.0034904644623159897,False,bookmaker
PS,30-40%,47129,0.34054541262351484,0.3412548536994207,0.00070944107590587,0.00070944107590587,False,bookmaker
PS,40-50%,27125,0.4460062943267745,0.4487373271889401,0.0027310328621655833,0.0027310328621655833,False,bookmaker
PS,50-60%,15489,0.5455278592577013,0.5560074891858738,0.01047962992817253,0.01047962992817253,False,bookmaker
PS,60-70%,7394,0.6442263527674861,0.6652691371382202,0.021042784370734147,0.021042784370734147,False,bookmaker
PS,70-80%,3762,0.7439842095124164,0.7695374800637959,0.02555327055137946,0.02555327055137946,False,bookmaker
PS,80-90%,1476,0.8363206309333434,0.8644986449864499,0.028178014053106493,0.028178014053106493,False,bookmaker
PS,90-100%,52,0.9123076632141933,0.9423076923076923,0.03000002909349897,0.03000002909349897,True,bookmaker
PSC,0-10%,5109,0.07207513970109877,0.05617537678606381,-0.015899762915034962,0.015899762915034962,False,bookmaker
PSC,10-20%,23929,0.15920190049850366,0.15291069413682143,-0.006291206361682233,0.006291206361682233,False,bookmaker
PSC,20-30%,82486,0.26002531281587393,0.25446742477511336,-0.005557888040760572,0.005557888040760572,False,bookmaker
PSC,30-40%,48035,0.3396107020155623,0.3420422608514625,0.0024315588359001827,0.0024315588359001827,False,bookmaker
PSC,40-50%,26894,0.44591354350702184,0.45192236186510004,0.006008818358078205,0.006008818358078205,False,bookmaker
PSC,50-60%,15586,0.5452801640482893,0.5505581932503529,0.005278029202063661,0.005278029202063661,False,bookmaker
PSC,60-70%,7703,0.64432103069672,0.6662339348305855,0.021912904133865485,0.021912904133865485,False,bookmaker
PSC,70-80%,3944,0.7441097438440432,0.7735801217038539,0.02947037785981077,0.02947037785981077,False,bookmaker
PSC,80-90%,1674,0.8384285892813569,0.8620071684587813,0.023578579177424452,0.023578579177424452,False,bookmaker
PSC,90-100%,94,0.9142462385262189,0.9680851063829787,0.05383886785675984,0.05383886785675984,True,bookmaker
VC_BV,0-10%,4349,0.07197986741958415,0.06001379627500575,-0.0119660711445784,0.0119660711445784,False,bookmaker
VC_BV,10-20%,20836,0.15986531445972102,0.14743712804760992,-0.012428186412111103,0.012428186412111103,False,bookmaker
VC_BV,20-30%,82625,0.2615668341568683,0.2561089258698941,-0.0054579082869742335,0.0054579082869742335,False,bookmaker
VC_BV,30-40%,45129,0.3424200470111696,0.34283941589665184,0.0004193688854822186,0.0004193688854822186,False,bookmaker
VC_BV,40-50%,26088,0.44633848274988686,0.45365685372585096,0.007318370975964106,0.007318370975964106,False,bookmaker
VC_BV,50-60%,14374,0.5449794425692819,0.559343258661472,0.014363816092190174,0.014363816092190174,False,bookmaker
VC_BV,60-70%,6949,0.644282125343595,0.6726147647143473,0.028332639370752366,0.028332639370752366,False,bookmaker
VC_BV,70-80%,3454,0.744255416472344,0.7724377533294731,0.02818233685712912,0.02818233685712912,False,bookmaker
VC_BV,80-90%,1346,0.8359838855128376,0.87444279346211,0.038458907949272314,0.038458907949272314,False,bookmaker
VC_BV,90-100%,41,0.9109765329964008,0.9024390243902439,-0.008537508606156874,0.008537508606156874,True,bookmaker
WH,0-10%,4078,0.07225045037431227,0.059833251593918585,-0.012417198780393685,0.012417198780393685,False,bookmaker
WH,10-20%,19206,0.15970205199420237,0.14672498177652818,-0.012977070217674191,0.012977070217674191,False,bookmaker
WH,20-30%,79069,0.26236016510530463,0.25499247492696253,-0.007367690178342101,0.007367690178342101,False,bookmaker
WH,30-40%,44283,0.3413474773321647,0.34216290675880134,0.0008154294266366491,0.0008154294266366491,False,bookmaker
WH,40-50%,25259,0.4454432857903382,0.4554812146165723,0.01003792882623411,0.01003792882623411,False,bookmaker
WH,50-60%,13598,0.5441093471860302,0.5614060891307545,0.017296741944724303,0.017296741944724303,False,bookmaker
WH,60-70%,6435,0.6449874361816034,0.6756798756798756,0.030692439498272273,0.030692439498272273,False,bookmaker
WH,70-80%,3269,0.7443142395189288,0.7769960232486999,0.03268178372977104,0.03268178372977104,False,bookmaker
WH,80-90%,1186,0.8340651510837617,0.8777403035413154,0.04367515245755371,0.04367515245755371,False,bookmaker
WH,90-100%,27,0.9099737239329115,0.9629629629629629,0.05298923903005137,0.05298923903005137,True,bookmaker
