stage,estimator,xi,eta_mult,seed,train,held_out,played_train,played_held_out,batch,queries_per_round,baseline,mean_cosine,sd_cosine,rank,name,raw_log_loss,calibrated_log_loss,raw_brier,accuracy,held_out_raw_log_loss,played_log_loss
A_exact,full_exact,0.0,1e-07,-1.0,0.9983750978328276,0.998064282909043,,,,,,,,,,,,,,,
A_exact,full_exact,0.0,1e-06,-1.0,0.9983750977836013,0.9980642828903735,,,,,,,,,,,,,,,
A_exact,full_exact,0.0,1e-05,-1.0,0.998375097291339,0.9980642827036811,,,,,,,,,,,,,,,
A_exact,full_exact,0.0,0.0001,-1.0,0.9983750923687293,0.9980642808367636,,,,,,,,,,,,,,,
A_exact,full_exact,0.0,0.001,-1.0,0.9983750431570633,0.9980642621710406,,,,,,,,,,,,,,,
A_exact,full_exact,0.0,0.01,-1.0,0.9983745519320688,0.9980640757883346,,,,,,,,,,,,,,,
A_exact,full_exact,0.0,0.1,-1.0,0.9983696621573328,0.9980621648781964,,,,,,,,,,,,,,,
A_exact,full_exact,0.0,1.0,-1.0,0.9983235268316758,0.9980434650381362,,,,,,,,,,,,,,,
A_exact,full_exact,0.0,10.0,-1.0,0.9980128027446127,0.9979325914200304,,,,,,,,,,,,,,,
A_exact,full_exact,0.0,100.0,-1.0,0.9973678180160763,0.9977163372848513,,,,,,,,,,,,,,,
A_exact,full_exact,0.0,1000.0,-1.0,0.9981572709908098,0.9986644401646099,,,,,,,,,,,,,,,
A,two_point,0.05,1e-07,0.0,0.9983754739242003,0.9980676854265219,0.9983754985580195,0.9980677149728822,,,,,,,,,,,,,
A,two_point,0.05,1e-06,0.0,0.9983754738707428,0.9980676854245327,0.998375498504562,0.9980677149708929,,,,,,,,,,,,,
A,two_point,0.05,1e-05,0.0,0.9983754733361672,0.9980676854046391,0.9983754979699864,0.9980677149509991,,,,,,,,,,,,,
A,two_point,0.05,0.0001,0.0,0.9983754679904325,0.9980676852056761,0.998375492624252,0.998067714752034,,,,,,,,,,,,,
A,two_point,0.05,0.001,0.0,0.9983754145814495,0.9980676831896261,0.9983754392152716,0.9980677127359611,,,,,,,,,,,,,
A,two_point,0.05,0.01,0.0,0.9983748807858241,0.9980676631154628,0.9983749054196734,0.9980676926615644,,,,,,,,,,,,,
A,two_point,0.05,0.1,0.0,0.9983695841255589,0.9980674879071592,0.998369608759667,0.9980675174509119,,,,,,,,,,,,,
A,two_point,0.05,1.0,0.0,0.9983199530428816,0.9980678414867001,0.9983199776796461,0.9980678709830288,,,,,,,,,,,,,
A,two_point,0.05,10.0,0.0,0.9980787934182517,0.9980573772742933,0.9980788180503973,0.9980574062509451,,,,,,,,,,,,,
A,two_point,0.05,100.0,0.0,0.998095411456433,0.9985765725859437,0.9980954360738719,0.9985765989997212,,,,,,,,,,,,,
B,two_point,0.005,10.0,0.0,0.9980646416519372,0.9980538753186883,0.9980646418983556,0.9980538756124707,,,,,,,,,,,,,
B,two_point,0.02,10.0,0.0,0.9980689986945822,0.9980548423999471,0.9980690026367542,0.9980548470783033,,,,,,,,,,,,,
B,two_point,0.1,10.0,0.0,0.9980988628640778,0.9980640495044496,0.9980989613468564,0.9980641638020649,,,,,,,,,,,,,
B,two_point,0.25,10.0,0.0,0.9981770960737943,0.9981281139802783,0.998177710825946,0.9981288031953964,,,,,,,,,,,,,
B,two_point,0.5,10.0,0.0,0.9983524262328826,0.998308503407416,0.9983548819344382,0.9983111390792535,,,,,,,,,,,,,
B,two_point,0.00125,10.0,0.0,0.9980635912662666,0.9980536862212452,0.9980635912816683,0.9980536862396286,,,,,,,,,,,,,
B,two_point,0.0003125,10.0,0.0,0.9980633293155048,0.998053644429297,0.9980633293164674,0.9980536444304462,,,,,,,,,,,,,
C,two_point,0.0003125,1.1111111111111112,0.0,0.9983109542946196,0.9980648962567387,0.9983109542955825,0.9980648962579103,,,,,,,,,,,,,
C,two_point,0.0003125,3.333333333333333,0.0,0.9982201605695873,0.9980556127162797,0.9982201605705502,0.9980556127174456,,,,,,,,,,,,,
C,two_point,0.0003125,30.0,0.0,0.9978916427690117,0.9981868946789076,0.9978916427699744,0.9981868946800272,,,,,,,,,,,,,
C,two_point,0.0003125,90.0,0.0,0.9980156223389643,0.9985511174229204,0.9980156223399265,0.9985511174239688,,,,,,,,,,,,,
A,one_point,0.05,1e-07,0.0,0.9983754744380278,0.9980676837730448,0.9983771652154119,0.9980671132985381,,,,,,,,,,,,,
A,one_point,0.05,1e-06,0.0,0.9983754790127832,0.9980676688912605,0.9983771697913492,0.998067098423382,,,,,,,,,,,,,
A,one_point,0.05,1e-05,0.0,0.9983755256237318,0.9980675201722258,0.9983772164136203,0.9980669497640935,,,,,,,,,,,,,
A,one_point,0.05,0.0001,0.0,0.9983760410776165,0.9980661239664029,0.9983777319527787,0.9980655541102367,,,,,,,,,,,,,
A,one_point,0.05,0.001,0.0,0.9983849029604613,0.9980570128494509,0.9983865934840399,0.9980564498632082,,,,,,,,,,,,,
A,one_point,0.05,0.01,0.0,0.9984833434516166,0.9983171222941315,0.9984850036095411,0.9983166089191272,,,,,,,,,,,,,
A,one_point,0.05,0.1,0.0,0.9989208937807139,0.9986916476790221,0.9989224894831384,0.9986912538140255,,,,,,,,,,,,,
A,one_point,0.05,1.0,0.0,0.9990322185457435,0.9991240168415568,0.9990338282299053,0.9991240306211786,,,,,,,,,,,,,
A,one_point,0.05,10.0,0.0,0.9992866808429959,0.9993300319821492,0.9992883550065482,0.9993302410325563,,,,,,,,,,,,,
A,one_point,0.05,100.0,0.0,0.9994286477284315,0.9995668808384195,0.9994302750170382,0.9995671457429209,,,,,,,,,,,,,
A,one_point,0.05,1e-08,0.0,0.9983754739809283,0.9980676852614039,0.9983771647581942,0.9980671147862343,,,,,,,,,,,,,
A,one_point,0.05,1e-09,0.0,0.9983754739352189,0.9980676854102113,0.9983771647124731,0.9980671149349757,,,,,,,,,,,,,
A,one_point,0.05,1e-10,0.0,0.9983754739306481,0.9980676854250898,0.9983771647079009,0.9980671149498472,,,,,,,,,,,,,
A,one_point,0.05,1.0000000000000001e-11,0.0,0.9983754739301909,0.9980676854265776,0.9983771647074436,0.9980671149513345,,,,,,,,,,,,,
B,one_point,0.005,1.0000000000000001e-11,0.0,0.9983747616337602,0.9980644476836423,0.9983749286843192,0.9980643853221274,,,,,,,,,,,,,
B,one_point,0.02,1.0000000000000001e-11,0.0,0.9983745218595556,0.9980653817294195,0.9983751927653207,0.9980651394785606,,,,,,,,,,,,,
B,one_point,0.1,1.0000000000000001e-11,0.0,0.9983798163947918,0.9980725665125741,0.9983832410905482,0.9980715367305016,,,,,,,,,,,,,
B,one_point,0.25,1.0000000000000001e-11,0.0,0.9984188362061819,0.9981061654318435,0.9984276967937779,0.9981043361176756,,,,,,,,,,,,,
B,one_point,0.5,1.0000000000000001e-11,0.0,0.9985094049089364,0.9982616051088082,0.9985280645578803,0.9982598639534435,,,,,,,,,,,,,
C,one_point,0.02,1.1111111111111112e-12,0.0,0.9983745218594287,0.998065381729768,0.9983751927651936,0.9980651394789091,,,,,,,,,,,,,
C,one_point,0.02,3.3333333333333335e-12,0.0,0.9983745218594603,0.998065381729681,0.9983751927652255,0.998065139478822,,,,,,,,,,,,,
C,one_point,0.02,3e-11,0.0,0.9983745218598411,0.9980653817286356,0.9983751927656063,0.998065139477777,,,,,,,,,,,,,
C,one_point,0.02,9.000000000000001e-11,0.0,0.998374521860698,0.9980653817262838,0.998375192766463,0.9980651394754253,,,,,,,,,,,,,
C,one_point,0.02,3.703703703703704e-13,0.0,0.998374521859418,0.9980653817297971,0.998375192765183,0.9980651394789382,,,,,,,,,,,,,
batch,one_point,0.02,1e-06,0.0,0.9983745361408495,0.9980653425977855,,,1.0,,,,,,,,,,,,
batch,one_point,0.02,0.0001,0.0,0.9983765230854527,0.9980620292011552,,,1.0,,,,,,,,,,,,
batch,one_point,0.02,0.01,0.0,0.9987440560320623,0.9984467548802876,,,1.0,,,,,,,,,,,,
batch,one_point,0.02,1.0,0.0,0.999157993759844,0.9991836313484336,,,1.0,,,,,,,,,,,,
batch,one_point,0.02,100.0,0.0,0.9995009810059433,0.99958693116348,,,1.0,,,,,,,,,,,,
batch,one_point,0.02,1e-06,0.0,0.9983745222831227,0.9980653799275634,,,20.0,,,,,,,,,,,,
batch,one_point,0.02,0.0001,0.0,0.9983745649148585,0.9980652034192584,,,20.0,,,,,,,,,,,,
batch,one_point,0.02,0.01,0.0,0.9983838439765813,0.9980523798044322,,,20.0,,,,,,,,,,,,
batch,one_point,0.02,1.0,0.0,0.9989615868621496,0.998665745716363,,,20.0,,,,,,,,,,,,
batch,one_point,0.02,100.0,0.0,0.9995378768748827,0.9993706568860348,,,20.0,,,,,,,,,,,,
batch,one_point,0.02,1e-06,0.0,0.9983745219401695,0.9980653813722846,,,100.0,,,,,,,,,,,,
batch,one_point,0.02,0.0001,0.0,0.9983745301468335,0.9980653461998312,,,100.0,,,,,,,,,,,,
batch,one_point,0.02,0.01,0.0,0.9983759006332342,0.998062129099778,,,100.0,,,,,,,,,,,,
batch,one_point,0.02,1.0,0.0,0.9986908183727184,0.9984548820837171,,,100.0,,,,,,,,,,,,
batch,one_point,0.02,100.0,0.0,0.9995977065279227,0.9995255704012411,,,100.0,,,,,,,,,,,,
batch,one_point,0.02,1e-06,0.0,0.9983745218689776,0.9980653816454731,,,500.0,,,,,,,,,,,,
batch,one_point,0.02,0.0001,0.0,0.998374522816035,0.9980653732963186,,,500.0,,,,,,,,,,,,
batch,one_point,0.02,0.01,0.0,0.9983746512657378,0.9980646240530485,,,500.0,,,,,,,,,,,,
batch,one_point,0.02,1.0,0.0,0.998404383437484,0.998073738519994,,,500.0,,,,,,,,,,,,
batch,one_point,0.02,100.0,0.0,0.9990522731796305,0.9987258050732736,,,500.0,,,,,,,,,,,,
seeds,two_point,0.0003125,30.0,0.0,0.9978916427690117,0.9981868946789076,0.9978916427699744,0.9981868946800272,,1.9999869424422856,,,,,,,,,,,
seeds,two_point,0.0003125,30.0,1.0,0.9977494662631948,0.9977641275445059,0.9977494662641779,0.9977641275455363,,1.9999869424422856,,,,,,,,,,,
seeds,two_point,0.0003125,30.0,2.0,0.9979199589469471,0.9980038612360359,0.9979199589479009,0.9980038612372862,,1.9999869424422856,,,,,,,,,,,
seeds,two_point,0.0003125,30.0,3.0,0.9979579090988401,0.9981415674725941,0.9979579090998189,0.9981415674735973,,1.9999869424422856,,,,,,,,,,,
seeds,two_point,0.0003125,30.0,4.0,0.9978925733474645,0.9983115135205921,0.9978925733484219,0.9983115135217314,,1.9999869424422856,,,,,,,,,,,
seeds,two_point,0.0003125,30.0,5.0,0.9980332566331879,0.9979469629576727,0.99803325663416,0.9979469629585994,,1.9999869424422856,,,,,,,,,,,
seeds,two_point,0.0003125,30.0,6.0,0.9979931121780959,0.9980497504489488,0.9979931121790727,0.9980497504499153,,1.9999869424422856,,,,,,,,,,,
seeds,two_point,0.0003125,30.0,7.0,0.9979292977615797,0.9981637266031045,0.9979292977625348,0.9981637266041467,,1.9999869424422856,,,,,,,,,,,
seeds,two_point,0.0003125,30.0,8.0,0.9980643721217971,0.9982985509605682,0.9980643721227652,0.9982985509619471,,1.9999869424422856,,,,,,,,,,,
seeds,two_point,0.0003125,30.0,9.0,0.9979397451926126,0.9980476469694795,0.9979397451935677,0.9980476469704964,,1.9999869424422856,,,,,,,,,,,
seeds,one_point,0.02,1.3717421124828535e-14,0.0,0.9983745218594129,0.998065381729811,0.998375192765178,0.998065139478952,,1.0,,,,,,,,,,,
seeds,one_point,0.02,1.3717421124828535e-14,1.0,0.9983745218594127,0.998065381729811,0.998373936585141,0.9980650953846553,,1.0,,,,,,,,,,,
seeds,one_point,0.02,1.3717421124828535e-14,2.0,0.9983745218594131,0.9980653817298119,0.998374332419306,0.9980644380454372,,1.0,,,,,,,,,,,
seeds,one_point,0.02,1.3717421124828535e-14,3.0,0.9983745218594127,0.9980653817298113,0.9983743664245687,0.9980661865920414,,1.0,,,,,,,,,,,
seeds,one_point,0.02,1.3717421124828535e-14,4.0,0.9983745218594122,0.9980653817298132,0.9983744780879666,0.9980654209636167,,1.0,,,,,,,,,,,
seeds,one_point,0.02,1.3717421124828535e-14,5.0,0.9983745218594136,0.9980653817298121,0.9983749353800392,0.9980664040630289,,1.0,,,,,,,,,,,
seeds,one_point,0.02,1.3717421124828535e-14,6.0,0.9983745218594138,0.998065381729811,0.9983745680057349,0.9980659726595403,,1.0,,,,,,,,,,,
seeds,one_point,0.02,1.3717421124828535e-14,7.0,0.9983745218594126,0.9980653817298129,0.9983748175060251,0.9980648512543502,,1.0,,,,,,,,,,,
seeds,one_point,0.02,1.3717421124828535e-14,8.0,0.9983745218594129,0.9980653817298102,0.9983746479117707,0.9980646587020345,,1.0,,,,,,,,,,,
seeds,one_point,0.02,1.3717421124828535e-14,9.0,0.998374521859414,0.9980653817298125,0.9983752107535748,0.998066524601061,,1.0,,,,,,,,,,,
baseline_check,one_point,0.02,1.3717421124828535e-14,0.0,0.9983745218594129,0.998065381729811,,,,,True,,,,,,,,,,
baseline_check,one_point,0.02,1.3717421124828535e-14,0.0,0.9983745218594149,0.9980653817298105,,,,,False,,,,,,,,,,
alignment,two_point,0.0003125,30.0,11.0,,,,,,,,0.26873808307558317,0.19422910131987564,,,,,,,,
alignment,one_point,0.02,1.3717421124828535e-14,11.0,,,,,,,,0.0020163480650464342,0.3316008051448148,,,,,,,,
,,,,,,,,,,,,,,1.0,"OGD (full info, linearised)",0.9974539551001697,0.9969256945530529,0.596123707810736,0.5066201817612034,0.9976462746053281,
,,,,,,,,,,,,,,2.0,"OGD (full info, exact grad)",0.99745494783327,0.9969278839714213,0.5961247754640612,0.5068813329154915,0.9977163372848513,
,,,,,,,,,,,,,,3.0,BGD two-point (xi=0.0003125),0.9980038236922786,0.997368276938975,0.5964603859063288,0.5064634910686305,0.9981415674725941,0.9980038236932636
,,,,,,,,,,,,,,4.0,"BGD one-point, batch=500",0.9982972368131013,0.997631248527943,0.5966278459417318,0.506123994568056,0.9980653816454731,0.9982968588258387
,,,,,,,,,,,,,,5.0,"Χωρίς μάθηση (η=0, ξ=0.02)",0.9982972368270123,0.997631248558885,0.5966278459431543,0.506123994568056,0.9980653817298115,
,,,,,,,,,,,,,,6.0,BGD one-point (xi=0.02),0.9982972368270129,0.9976312485588852,0.5966278459431545,0.506123994568056,0.9980653817298119,0.9982968588258387
,,,,,,,,,,,,,,7.0,"Χωρίς μάθηση (η=0, ξ=0.0003125)",0.9982973788876034,0.9976323936334546,0.5966278207584308,0.506123994568056,0.9980642956540654,
,,,,,,,,,,,,,,8.0,Uniform average,0.9988620247084391,0.9981319834017126,0.5970316102195877,0.5059281312023399,0.9988223464357603,
