series,bin,bin_center,n,mean_predicted,actual_frequency,gap
Hedge,"[0.0, 0.1)",0.05,4577,0.07363457637972241,0.054183963294734544,-0.01945061308498787
Hedge,"[0.1, 0.2)",0.15000000000000002,23966,0.1596841630088234,0.14587332053742802,-0.013810842471395385
Hedge,"[0.2, 0.3)",0.25,92191,0.26143968031626,0.2545801650920372,-0.006859515224222845
Hedge,"[0.3, 0.4)",0.35000000000000003,49760,0.3409328798217279,0.34296623794212217,0.0020333581203942908
Hedge,"[0.4, 0.5)",0.45,29661,0.44571737574199505,0.4550419743096996,0.009324598567704567
Hedge,"[0.5, 0.6)",0.55,16325,0.5453468094457514,0.55895865237366,0.013611842927908624
Hedge,"[0.6, 0.7)",0.6500000000000001,7876,0.6445638045383971,0.6775012696800407,0.03293746514164353
Hedge,"[0.7, 0.8)",0.75,3935,0.7445840393679148,0.7799237611181703,0.03533972175025546
Hedge,"[0.8, 0.9)",0.8500000000000001,1423,0.8351574806821569,0.8713984539704849,0.03624097328832798
Hedge,"[0.9, 1.0)",0.95,38,0.9109648611041088,0.9736842105263158,0.06271934942220703
OGD,"[0.0, 0.1)",0.05,4918,0.07309504847249487,0.05429036193574624,-0.018804686536748633
OGD,"[0.1, 0.2)",0.15000000000000002,24666,0.1594304952233618,0.1487472634395524,-0.010683231783809394
OGD,"[0.2, 0.3)",0.25,90100,0.2607583550776607,0.25430632630410654,-0.006452028773554164
OGD,"[0.3, 0.4)",0.35000000000000003,50675,0.3400468641745204,0.3420424272323631,0.0019955630578427086
OGD,"[0.4, 0.5)",0.45,29183,0.44576522920602796,0.4547853202206764,0.009020091014648457
OGD,"[0.5, 0.6)",0.55,16441,0.5450963343832543,0.5549540782190864,0.009857743835832045
OGD,"[0.6, 0.7)",0.6500000000000001,8088,0.6442295078352583,0.6711177052423343,0.02688819740707593
OGD,"[0.7, 0.8)",0.75,4037,0.7443572504129539,0.7797869705226653,0.03542972010971146
OGD,"[0.8, 0.9)",0.8500000000000001,1584,0.8364004609434116,0.865530303030303,0.0291298420868914
OGD,"[0.9, 1.0)",0.95,60,0.9125165825690847,0.9833333333333333,0.07081675076424854
FTRL,"[0.0, 0.1)",0.05,4576,0.07368583168979347,0.05419580419580419,-0.019490027493989273
FTRL,"[0.1, 0.2)",0.15000000000000002,23941,0.1596931861006885,0.14585856898208094,-0.013834617118607562
FTRL,"[0.2, 0.3)",0.25,92222,0.26143593984486024,0.25450543254321095,-0.006930507301649291
FTRL,"[0.3, 0.4)",0.35000000000000003,49761,0.3409502881388503,0.3430598259681277,0.0021095378292773637
FTRL,"[0.4, 0.5)",0.45,29672,0.4457350893735811,0.45500808843354,0.00927299905995893
FTRL,"[0.5, 0.6)",0.55,16315,0.5453582823806838,0.5590560833588722,0.013697800978188401
FTRL,"[0.6, 0.7)",0.6500000000000001,7875,0.6445594409894366,0.677968253968254,0.03340881297881737
FTRL,"[0.7, 0.8)",0.75,3935,0.7446169969802291,0.7799237611181703,0.035306764137941204
FTRL,"[0.8, 0.9)",0.8500000000000001,1417,0.8351911957532808,0.8715596330275229,0.036368437274242105
FTRL,"[0.9, 1.0)",0.95,38,0.9109257651504854,0.9736842105263158,0.06275844537583042
Uniform average,"[0.0, 0.1)",0.05,4440,0.07354242653405534,0.0545045045045045,-0.019037922029550833
Uniform average,"[0.1, 0.2)",0.15000000000000002,23714,0.15970856251426907,0.14506198869865902,-0.014646573815610048
Uniform average,"[0.2, 0.3)",0.25,92900,0.26153199880095895,0.25503767491926804,-0.006494323881690911
Uniform average,"[0.3, 0.4)",0.35000000000000003,49441,0.34124504662933774,0.3427115147347343,0.001466468105396579
Uniform average,"[0.4, 0.5)",0.45,29787,0.4456649537545258,0.45449357102091514,0.008828617266389338
Uniform average,"[0.5, 0.6)",0.55,16411,0.5451535053820523,0.5599902504417769,0.014836745059724543
Uniform average,"[0.6, 0.7)",0.6500000000000001,7743,0.6446674399244914,0.6786775151749967,0.03401007525050537
Uniform average,"[0.7, 0.8)",0.75,3874,0.7443110801260868,0.7787816210635002,0.03447054093741342
Uniform average,"[0.8, 0.9)",0.8500000000000001,1409,0.8343780524371617,0.8750887154009936,0.04071066296383197
Uniform average,"[0.9, 1.0)",0.95,33,0.9099331447441572,0.9696969696969697,0.059763824952812516
B365C,"[0.0, 0.1)",0.05,3093,0.07626463000286812,0.05463950856773359,-0.02162512143513453
B365C,"[0.1, 0.2)",0.15000000000000002,17785,0.16077490202088615,0.1522631430981164,-0.008511758922769758
B365C,"[0.2, 0.3)",0.25,64302,0.2598377771211598,0.25702155453951664,-0.0028162225816431574
B365C,"[0.3, 0.4)",0.35000000000000003,32658,0.3418760080692791,0.33936554596117335,-0.0025104621081057377
B365C,"[0.4, 0.5)",0.45,20633,0.4478659899478739,0.4527213686812388,0.00485537873336489
B365C,"[0.5, 0.6)",0.55,11631,0.5462871790064846,0.5510274267044966,0.004740247698011957
B365C,"[0.6, 0.7)",0.6500000000000001,5995,0.644412090120562,0.6785654712260217,0.034153381105459735
B365C,"[0.7, 0.8)",0.75,2770,0.7437458315739559,0.7768953068592058,0.03314947528524992
B365C,"[0.8, 0.9)",0.8500000000000001,916,0.834180820823957,0.8668122270742358,0.03263140625027883
B365C,"[0.9, 1.0)",0.95,18,0.9130686534477365,0.8888888888888888,-0.024179764558847627
BW,"[0.0, 0.1)",0.05,3911,0.07389971382814402,0.059575556123753516,-0.014324157704390501
BW,"[0.1, 0.2)",0.15000000000000002,21671,0.16021406470146343,0.14286373494531862,-0.01735032975614481
BW,"[0.2, 0.3)",0.25,89622,0.261218192951615,0.25662225792774096,-0.004595935023874065
BW,"[0.3, 0.4)",0.35000000000000003,46924,0.3425483268552218,0.3411260762083369,-0.0014222506468848928
BW,"[0.4, 0.5)",0.45,28743,0.4458092296020408,0.4527711094875274,0.006961879885486633
BW,"[0.5, 0.6)",0.55,15523,0.5446261713824225,0.5630999162533016,0.01847374487087905
BW,"[0.6, 0.7)",0.6500000000000001,7118,0.6443175867873883,0.6815116605788143,0.03719407379142603
BW,"[0.7, 0.8)",0.75,3455,0.7451646878992283,0.7742402315484804,0.029075543649252134
BW,"[0.8, 0.9)",0.8500000000000001,1251,0.8335793520834899,0.8792965627498002,0.04571721066631029
BW,"[0.9, 1.0)",0.95,38,0.9108829286032765,0.9473684210526315,0.03648549244935506
