stratifier,stratum,n,mean_value,ll_opening,ll_closing,ll_full,closing_minus_opening
line movement,0,10650,0.008209880971809148,0.9916143925033418,0.9911757666261464,0.9912037086466229,-0.0004386258771954532
line movement,1,10649,0.014360431231880069,1.0058095765362833,1.0050943918310111,1.0050982561968238,-0.0007151847052722093
line movement,2,10649,0.021460685839023354,1.0006795118983485,0.9986811360760486,0.9987651655124878,-0.0019983758222998915
line movement,3,10649,0.03241579258776132,1.006659744936387,1.002136611966567,1.0024075231032479,-0.004523132969820098
line movement,4,10649,0.05975374511687184,1.00790458087493,0.9963239255299565,0.9968276975844395,-0.011580655344973545
Shin z anomaly,0,15317,-0.007707881386929147,0.9893916707048109,0.9864578439968571,0.986999118140489,-0.002933826707953835
Shin z anomaly,1,15317,-0.003800547405104103,1.004609119647821,1.00092552458597,1.001330007541596,-0.0036835950618510083
Shin z anomaly,2,15316,-0.0011630282852861831,1.0124141990714541,1.0095569960859048,1.009947986974381,-0.0028572029855493675
Shin z anomaly,3,15317,0.0014036198889072224,0.9935622301329367,0.989430533572056,0.9899472382634997,-0.004131696560880638
Shin z anomaly,4,15317,0.01019562784998525,1.0038200480233188,0.9997248433032078,0.9990462402779424,-0.004095204720111045
