kernel,alpha,train,held_out,rank,name,raw_log_loss,calibrated_log_loss,raw_brier,calibrated_brier,accuracy
identity,0.0,0.99738984859845,0.9976462746053281,,,,,,,
uniform,0.0,0.99738984859845,0.9976462746053281,,,,,,,
uniform,0.0005,0.9977409958942209,0.9979537390748873,,,,,,,
uniform,0.001,0.9979436270666339,0.9981151078518983,,,,,,,
uniform,0.005,0.998476308935688,0.9985310715763247,,,,,,,
uniform,0.01,0.9986427491993585,0.9986179708276567,,,,,,,
uniform,0.05,0.9988101565773122,0.9987271950991504,,,,,,,
uniform,0.1,0.998837646773051,0.998753513989523,,,,,,,
pair,0.0,0.99738984859845,0.9976462746053281,,,,,,,
pair,0.0005,0.9978041174597908,0.9980018394463075,,,,,,,
pair,0.001,0.9980321830773725,0.9981600163054867,,,,,,,
pair,0.005,0.9984215401610476,0.9983586773983613,,,,,,,
pair,0.01,0.9984988856359316,0.9983913725993961,,,,,,,
pair,0.05,0.9985786693877522,0.9984316349547459,,,,,,,
pair,0.1,0.9985945288459072,0.9984415699547046,,,,,,,
phase,0.0,0.99738984859845,0.9976462746053281,,,,,,,
phase,0.0005,0.9974787416998502,0.9978733795834893,,,,,,,
phase,0.001,0.9975001828290929,0.9979453830474593,,,,,,,
phase,0.005,0.9975014702723242,0.9980250131481814,,,,,,,
phase,0.01,0.9974863373705373,0.9980474216539914,,,,,,,
phase,0.05,0.997456585524358,0.9980859281491485,,,,,,,
phase,0.1,0.9974462951246008,0.998099055897582,,,,,,,
mcgd(tau=1),1.0,0.998331883158693,0.998027539028482,,,,,,,
mcgd(tau=1),3.7,0.9982380924135227,0.997956892753886,,,,,,,
mcgd(tau=5),1.0,0.9982881612068909,0.9979899824559992,,,,,,,
mcgd(tau=5),3.7,0.9981300910792598,0.9979112218876486,,,,,,,
mcgd(tau=10),1.0,0.9982604927456912,0.9979680927823787,,,,,,,
mcgd(tau=10),3.7,0.9980628320497399,0.9978798524152057,,,,,,,
mcgd(tau=42),1.0,0.9981765266201803,0.9979242848203026,,,,,,,
mcgd(tau=42),3.7,0.9978696500890418,0.997803559797642,,,,,,,
mcgd(tau=100),1.0,0.998102010397671,0.9978945730592408,,,,,,,
mcgd(tau=100),3.7,0.9977019860244606,0.9977425639494982,,,,,,,
mcgd(tau=500),1.0,0.9978969798644458,0.9978122745367902,,,,,,,
mcgd(tau=500),3.7,0.997412985293097,0.9976507822912728,,,,,,,
,,,,1.0,OGD,0.9974539551001697,0.9969256945530529,0.596123707810736,0.5958550817294521,0.5066201817612034
,,,,2.0,"MC-OGD (uniform, α=0)",0.9974539551001697,0.9969256945530529,0.596123707810736,0.5958550817294521,0.5066201817612034
,,,,3.0,"MC-OGD (pair, α=0)",0.9974539551001697,0.9969256945530529,0.596123707810736,0.5958550817294521,0.5066201817612034
,,,,4.0,"MC-OGD (phase, α=0)",0.9974539551001697,0.9969256945530529,0.596123707810736,0.5958550817294521,0.5066201817612034
,,,,5.0,Hedge,0.9984200651583067,0.9977291731904332,0.5967354127727873,0.596371334387314,0.5064896061840594
,,,,6.0,FTRL,0.99843422992817,0.9977398268439737,0.5967422192031688,0.5963757108442704,0.5065287788572026
,,,,7.0,Uniform average,0.9988620247084391,0.9981319834017126,0.5970316102195877,0.5966460053359494,0.5059281312023399
