stage,phase,algo,rate,lam_0,lam_max,train_log_growth,held_out_log_growth,normalization,bookmaker,method,n_bets,final_bankroll,mean_log_growth_per_bet,ci_low,ci_high,p_value,significant_95,mean_lambda
sweep,closing,ons,0.01,0.25,1.0,0.00013654816772524662,7.554431384262098e-05,,,,,,,,,,,
sweep,closing,ons,0.03,0.25,1.0,0.00014175079549264596,7.875492670277352e-05,,,,,,,,,,,
sweep,closing,ons,0.1,0.25,1.0,0.0001581633152381227,8.727090074586195e-05,,,,,,,,,,,
sweep,closing,ons,0.3,0.25,1.0,0.00019271104915680453,9.563700341115517e-05,,,,,,,,,,,
sweep,closing,ons,1.0,0.25,1.0,0.00023809951879755363,6.618590021105127e-05,,,,,,,,,,,
sweep,closing,ons,3.0,0.25,1.0,0.00023885113744329125,4.993148422882799e-05,,,,,,,,,,,
sweep,closing,ons,10.0,0.25,1.0,0.00015001080276969624,0.00011433852823904615,,,,,,,,,,,
sweep,closing,ons,30.0,0.25,1.0,0.00019930737628591103,-1.2268814155328277e-05,,,,,,,,,,,
sweep,closing,ons,100.0,0.25,1.0,0.0001467341471207913,-3.690811615192364e-05,,,,,,,,,,,
sweep,closing,ons,0.01,0.5,1.0,0.00021311545604822422,8.8792642035604e-05,,,,,,,,,,,
sweep,closing,ons,0.03,0.5,1.0,0.00021543391293220106,8.963295360927603e-05,,,,,,,,,,,
sweep,closing,ons,0.1,0.5,1.0,0.0002226936553323807,9.13937216299699e-05,,,,,,,,,,,
sweep,closing,ons,0.3,0.5,1.0,0.00023748216575802044,8.951932331892289e-05,,,,,,,,,,,
sweep,closing,ons,1.0,0.5,1.0,0.0002521710518409972,5.999762358072595e-05,,,,,,,,,,,
sweep,closing,ons,3.0,0.5,1.0,0.00022591395136788394,4.990092601754688e-05,,,,,,,,,,,
sweep,closing,ons,10.0,0.5,1.0,0.00014893600016582353,0.00011433144494764204,,,,,,,,,,,
sweep,closing,ons,30.0,0.5,1.0,0.00020132638756056425,-1.2270256913056827e-05,,,,,,,,,,,
sweep,closing,ons,100.0,0.5,1.0,0.00014791529951114528,-3.690802671203014e-05,,,,,,,,,,,
sweep,closing,ons,0.01,1.0,1.0,0.00020419495082124093,-5.2154490561176495e-05,,,,,,,,,,,
sweep,closing,ons,0.03,1.0,1.0,0.00020449511445014198,-4.947456490572809e-05,,,,,,,,,,,
sweep,closing,ons,0.1,1.0,1.0,0.00020548559845576318,-4.062934347050012e-05,,,,,,,,,,,
sweep,closing,ons,0.3,1.0,1.0,0.00020780841856567466,-1.95089817447774e-05,,,,,,,,,,,
sweep,closing,ons,1.0,1.0,1.0,0.00021105611738099484,1.942916999449762e-05,,,,,,,,,,,
sweep,closing,ons,3.0,1.0,1.0,0.00019410180077218464,2.2157811740702303e-05,,,,,,,,,,,
sweep,closing,ons,10.0,1.0,1.0,0.00014595056875392717,0.00011432885137510882,,,,,,,,,,,
sweep,closing,ons,30.0,1.0,1.0,0.0002058433804959117,-1.2273067255519863e-05,,,,,,,,,,,
sweep,closing,ons,100.0,1.0,1.0,0.0001478146113711112,-3.690793236214601e-05,,,,,,,,,,,
sweep,closing,ons,0.01,0.25,1.5,0.00013656835667528682,7.554204989397888e-05,,,,,,,,,,,
sweep,closing,ons,0.03,0.25,1.5,0.00014180786760690904,7.872456519000149e-05,,,,,,,,,,,
sweep,closing,ons,0.1,0.25,1.5,0.00015831504833334738,8.692505268507118e-05,,,,,,,,,,,
sweep,closing,ons,0.3,0.25,1.5,0.00019287987854033233,9.308123663915966e-05,,,,,,,,,,,
sweep,closing,ons,1.0,0.25,1.5,0.0002362088451449642,5.954445390472636e-05,,,,,,,,,,,
sweep,closing,ons,3.0,0.25,1.5,0.00022764285820583033,1.6799199019691402e-05,,,,,,,,,,,
sweep,closing,ons,10.0,0.25,1.5,0.0001054843715681386,9.588366259598534e-05,,,,,,,,,,,
sweep,closing,ons,30.0,0.25,1.5,0.00016729862668140948,-9.974595781970812e-05,,,,,,,,,,,
sweep,closing,ons,100.0,0.25,1.5,0.0001126217542872756,-0.0001800383063467396,,,,,,,,,,,
sweep,closing,ons,0.01,0.5,1.5,0.0002131400846340666,8.88008080956297e-05,,,,,,,,,,,
sweep,closing,ons,0.03,0.5,1.5,0.0002155044127215711,8.963827527963329e-05,,,,,,,,,,,
sweep,closing,ons,0.1,0.5,1.5,0.00022289070433729642,9.120635870622654e-05,,,,,,,,,,,
sweep,closing,ons,0.3,0.5,1.5,0.00023778141120586716,8.758344451474612e-05,,,,,,,,,,,
sweep,closing,ons,1.0,0.5,1.5,0.0002501700006774168,4.4408786280684177e-05,,,,,,,,,,,
sweep,closing,ons,3.0,0.5,1.5,0.00021495526103925455,1.7058545761655996e-05,,,,,,,,,,,
sweep,closing,ons,10.0,0.5,1.5,0.00010086321618027848,9.588113108962234e-05,,,,,,,,,,,
sweep,closing,ons,30.0,0.5,1.5,0.000171134960278002,-9.975031289467024e-05,,,,,,,,,,,
sweep,closing,ons,100.0,0.5,1.5,0.00011304099673320983,-0.0001800384786120368,,,,,,,,,,,
sweep,closing,ons,0.01,1.0,1.5,0.00020424809347516847,-5.211884754490778e-05,,,,,,,,,,,
sweep,closing,ons,0.03,1.0,1.5,0.00020464697956662658,-4.9399754982896614e-05,,,,,,,,,,,
sweep,closing,ons,0.1,1.0,1.5,0.0002059064376471448,-4.073036480593133e-05,,,,,,,,,,,
sweep,closing,ons,0.3,1.0,1.5,0.00020841730095033526,-2.2268805122660626e-05,,,,,,,,,,,
sweep,closing,ons,1.0,1.0,1.5,0.00020726262332015382,-5.0036536802297125e-06,,,,,,,,,,,
sweep,closing,ons,3.0,1.0,1.5,0.0001691766236634297,1.9500726567026842e-05,,,,,,,,,,,
sweep,closing,ons,10.0,1.0,1.5,8.999450532334973e-05,9.587877858957293e-05,,,,,,,,,,,
sweep,closing,ons,30.0,1.0,1.5,0.00017771028784525748,-9.975514800004292e-05,,,,,,,,,,,
sweep,closing,ons,100.0,1.0,1.5,0.00011447661527634197,-0.00018003849555788627,,,,,,,,,,,
sweep,closing,ogd,0.01,0.25,1.0,0.00013477992351732464,7.434071868352865e-05,,,,,,,,,,,
sweep,closing,ogd,0.03,0.25,1.0,0.00013661019919624162,7.542064041592041e-05,,,,,,,,,,,
sweep,closing,ogd,0.1,0.25,1.0,0.00014279896136739528,7.899591235176472e-05,,,,,,,,,,,
sweep,closing,ogd,0.3,0.25,1.0,0.00015874659689502494,8.762943142835184e-05,,,,,,,,,,,
sweep,closing,ogd,1.0,0.25,1.0,0.00019842362443460052,0.00010457850724833614,,,,,,,,,,,
sweep,closing,ogd,3.0,0.25,1.0,0.00024310188892490538,0.00010478224118557134,,,,,,,,,,,
sweep,closing,ogd,10.0,0.25,1.0,0.0002464937390695298,5.6288028601687134e-05,,,,,,,,,,,
sweep,closing,ogd,30.0,0.25,1.0,0.00020582147020208134,5.393391957589098e-05,,,,,,,,,,,
sweep,closing,ogd,100.0,0.25,1.0,0.00020761362351750888,0.00010489667128319986,,,,,,,,,,,
sweep,closing,ogd,0.01,0.5,1.0,0.00021231195411168497,8.851966413250555e-05,,,,,,,,,,,
sweep,closing,ogd,0.03,0.5,1.0,0.00021310036992944068,8.893347539775317e-05,,,,,,,,,,,
sweep,closing,ogd,0.1,0.5,1.0,0.00021574985958645445,9.028945708127837e-05,,,,,,,,,,,
sweep,closing,ogd,0.3,0.5,1.0,0.00022244038940108846,9.345133626385771e-05,,,,,,,,,,,
sweep,closing,ogd,1.0,0.5,1.0,0.00023765478705717127,9.862508662580859e-05,,,,,,,,,,,
sweep,closing,ogd,3.0,0.5,1.0,0.00023770467605804563,9.633871317250224e-05,,,,,,,,,,,
sweep,closing,ogd,10.0,0.5,1.0,0.00023187740628494423,4.929355014617035e-05,,,,,,,,,,,
sweep,closing,ogd,30.0,0.5,1.0,0.00019466663433736738,5.393391957589098e-05,,,,,,,,,,,
sweep,closing,ogd,100.0,0.5,1.0,0.00020735808984024737,0.00010489667128319986,,,,,,,,,,,
sweep,closing,ogd,0.01,1.0,1.0,0.00020403034209829772,-5.3131852716520214e-05,,,,,,,,,,,
sweep,closing,ogd,0.03,1.0,1.0,0.0002040049474190016,-5.235993475245964e-05,,,,,,,,,,,
sweep,closing,ogd,0.1,1.0,1.0,0.0002038947003101858,-4.97194169119182e-05,,,,,,,,,,,
sweep,closing,ogd,0.3,1.0,1.0,0.00020341870694763926,-4.2663099099852444e-05,,,,,,,,,,,
sweep,closing,ogd,1.0,1.0,1.0,0.00020054979530149955,-2.2543952416143094e-05,,,,,,,,,,,
sweep,closing,ogd,3.0,1.0,1.0,0.00019052837605452845,1.0992989947186585e-05,,,,,,,,,,,
sweep,closing,ogd,10.0,1.0,1.0,0.00019326450040282607,2.1595762986828946e-05,,,,,,,,,,,
sweep,closing,ogd,30.0,1.0,1.0,0.00019098472510031432,5.2176815046728706e-05,,,,,,,,,,,
sweep,closing,ogd,100.0,1.0,1.0,0.00020648587003852044,0.00010489667128319986,,,,,,,,,,,
sweep,closing,ogd,333.33333333333337,1.0,1.0,0.0002132760138052236,-2.1509730457762928e-05,,,,,,,,,,,
sweep,closing,ogd,1111.1111111111115,1.0,1.0,0.00011803716082142586,-2.1803029590262472e-05,,,,,,,,,,,
sweep,closing,ogd,0.01,0.25,1.5,0.00013471153020533575,7.434481596671972e-05,,,,,,,,,,,
sweep,closing,ogd,0.03,0.25,1.5,0.0001364070991669576,7.543402805385531e-05,,,,,,,,,,,
sweep,closing,ogd,0.1,0.25,1.5,0.0001421454648618019,7.905239962270171e-05,,,,,,,,,,,
sweep,closing,ogd,0.3,0.25,1.5,0.00015696946012379743,8.787937338350286e-05,,,,,,,,,,,
sweep,closing,ogd,1.0,0.25,1.5,0.00019408974653298825,0.00010577513246224646,,,,,,,,,,,
sweep,closing,ogd,3.0,0.25,1.5,0.00024295241049775385,0.00010251250243523175,,,,,,,,,,,
sweep,closing,ogd,10.0,0.25,1.5,0.00023192140283830696,2.9304287150239678e-05,,,,,,,,,,,
sweep,closing,ogd,30.0,0.25,1.5,0.00018724434224561372,3.300360290683145e-05,,,,,,,,,,,
sweep,closing,ogd,100.0,0.25,1.5,0.00016861780303341939,0.00010491091154167557,,,,,,,,,,,
sweep,closing,ogd,0.01,0.5,1.5,0.00021226467013760428,8.853869189872858e-05,,,,,,,,,,,
sweep,closing,ogd,0.03,0.5,1.5,0.0002129596188850689,8.899067419608191e-05,,,,,,,,,,,
sweep,closing,ogd,0.1,0.5,1.5,0.00021529316284929308,9.048109891816979e-05,,,,,,,,,,,
sweep,closing,ogd,0.3,0.5,1.5,0.00022116836975114693,9.402625742413802e-05,,,,,,,,,,,
sweep,closing,ogd,1.0,0.5,1.5,0.0002342869088611558,0.00010032236358471134,,,,,,,,,,,
sweep,closing,ogd,3.0,0.5,1.5,0.0002380211851837377,9.547101113525967e-05,,,,,,,,,,,
sweep,closing,ogd,10.0,0.5,1.5,0.000218152067543854,2.4333318175022962e-05,,,,,,,,,,,
sweep,closing,ogd,30.0,0.5,1.5,0.0001811136489431085,3.300360290683145e-05,,,,,,,,,,,
sweep,closing,ogd,100.0,0.5,1.5,0.00016851700607383246,0.00010491091154167557,,,,,,,,,,,
sweep,closing,ogd,0.01,1.0,1.5,0.0002039790025763141,-5.3239199563518376e-05,,,,,,,,,,,
sweep,closing,ogd,0.03,1.0,1.5,0.00020385222523505578,-5.267851953125747e-05,,,,,,,,,,,
sweep,closing,ogd,0.1,1.0,1.5,0.00020340002349834098,-5.074230318835603e-05,,,,,,,,,,,
sweep,closing,ogd,0.3,1.0,1.5,0.00020204081701576807,-4.542665067035672e-05,,,,,,,,,,,
sweep,closing,ogd,1.0,1.0,1.5,0.0001966791170250013,-2.908707109434794e-05,,,,,,,,,,,
sweep,closing,ogd,3.0,1.0,1.5,0.00017905580492257774,2.6855804243447957e-06,,,,,,,,,,,
sweep,closing,ogd,10.0,1.0,1.5,0.00017440224249679702,-2.2203576763888874e-06,,,,,,,,,,,
sweep,closing,ogd,30.0,1.0,1.5,0.00016373227206597254,3.300360290683145e-05,,,,,,,,,,,
sweep,closing,ogd,100.0,1.0,1.5,0.00016777168901791888,0.00010491091154167557,,,,,,,,,,,
sweep,closing,ogd,0.0033333333333333335,1.0,1.5,0.00020402101599738343,-5.3426840332003e-05,,,,,,,,,,,
sweep,closing,ogd,0.0011111111111111111,1.0,1.5,0.0002040349929564608,-5.3489470610401095e-05,,,,,,,,,,,
sweep,closing,ogd,0.00037037037037037035,1.0,1.5,0.00020403964887761753,-5.351035664308514e-05,,,,,,,,,,,
sweep,closing,ogd,0.0001234567901234568,1.0,1.5,0.0002040412005104608,-5.351731968476353e-05,,,,,,,,,,,
sweep,opening,ons,0.01,0.25,1.0,5.596909840291653e-06,-2.8621324170790576e-05,,,,,,,,,,,
sweep,opening,ons,0.03,0.25,1.0,6.882890142872334e-06,-2.319735402847525e-05,,,,,,,,,,,
sweep,opening,ons,0.1,0.25,1.0,1.0554791667243065e-05,-5.876118679661707e-06,,,,,,,,,,,
sweep,opening,ons,0.3,0.25,1.0,1.5975529330781578e-05,3.1621903988684616e-05,,,,,,,,,,,
sweep,opening,ons,1.0,0.25,1.0,2.1046490936016278e-05,4.5599654631357255e-05,,,,,,,,,,,
sweep,opening,ons,3.0,0.25,1.0,2.3188333222351705e-05,9.995682816129733e-06,,,,,,,,,,,
sweep,opening,ons,10.0,0.25,1.0,-2.3197747111390455e-05,-1.9025219113807043e-05,,,,,,,,,,,
sweep,opening,ons,30.0,0.25,1.0,-3.631398613528978e-05,-3.4130645041460384e-05,,,,,,,,,,,
sweep,opening,ons,100.0,0.25,1.0,-9.076054814039429e-05,-4.438599016362398e-05,,,,,,,,,,,
sweep,opening,ons,0.01,0.5,1.0,-2.073764682823411e-05,-8.666806178393649e-05,,,,,,,,,,,
sweep,opening,ons,0.03,0.5,1.0,-1.979854807044282e-05,-7.944637934877082e-05,,,,,,,,,,,
sweep,opening,ons,0.1,0.5,1.0,-1.7038129364953783e-05,-5.615521739869629e-05,,,,,,,,,,,
sweep,opening,ons,0.3,0.5,1.0,-1.2389047538835337e-05,-3.3078570048259075e-06,,,,,,,,,,,
sweep,opening,ons,1.0,0.5,1.0,-3.266730566364239e-06,4.774908903619779e-05,,,,,,,,,,,
sweep,opening,ons,3.0,0.5,1.0,6.6630022165973225e-06,1.1395696664084916e-05,,,,,,,,,,,
sweep,opening,ons,10.0,0.5,1.0,-2.7597549928218167e-05,-1.9024189556101477e-05,,,,,,,,,,,
sweep,opening,ons,30.0,0.5,1.0,-3.7600666838307696e-05,-3.413052444850543e-05,,,,,,,,,,,
sweep,opening,ons,100.0,0.5,1.0,-9.077636610250846e-05,-4.438598106788228e-05,,,,,,,,,,,
sweep,opening,ons,0.01,1.0,1.0,-0.00016590046461259278,-0.00028363509360270227,,,,,,,,,,,
sweep,opening,ons,0.03,1.0,1.0,-0.000162683034485005,-0.0002704527281795537,,,,,,,,,,,
sweep,opening,ons,0.1,1.0,1.0,-0.00015224677343129354,-0.00022788480081020556,,,,,,,,,,,
sweep,opening,ons,0.3,1.0,1.0,-0.00012831860123965188,-0.00013120568342445994,,,,,,,,,,,
sweep,opening,ons,1.0,1.0,1.0,-8.445539888799774e-05,1.7430268255634957e-05,,,,,,,,,,,
sweep,opening,ons,3.0,1.0,1.0,-3.331363741412893e-05,2.748796313979924e-05,,,,,,,,,,,
sweep,opening,ons,10.0,1.0,1.0,-2.614592155662073e-05,-1.902332668862403e-05,,,,,,,,,,,
sweep,opening,ons,30.0,1.0,1.0,-4.0733214344326045e-05,-3.4130563138664464e-05,,,,,,,,,,,
sweep,opening,ons,100.0,1.0,1.0,-8.98187911964798e-05,-4.438597840758226e-05,,,,,,,,,,,
sweep,opening,ons,0.01,0.25,1.5,5.711002419789104e-06,-2.7495215252551044e-05,,,,,,,,,,,
sweep,opening,ons,0.03,0.25,1.5,7.183101370627372e-06,-1.9959716401701088e-05,,,,,,,,,,,
sweep,opening,ons,0.1,0.25,1.5,1.1146306991711586e-05,3.472640248062787e-06,,,,,,,,,,,
sweep,opening,ons,0.3,0.25,1.5,1.5688128951779155e-05,4.067869476014233e-05,,,,,,,,,,,
sweep,opening,ons,1.0,0.25,1.5,1.3235306523373942e-05,3.6889313119839e-05,,,,,,,,,,,
sweep,opening,ons,3.0,0.25,1.5,3.67457707756321e-06,-1.403739410761908e-05,,,,,,,,,,,
sweep,opening,ons,10.0,0.25,1.5,-7.241230162797546e-05,-7.334104258915767e-05,,,,,,,,,,,
sweep,opening,ons,30.0,0.25,1.5,-0.00011075438384919993,-9.497718629702118e-05,,,,,,,,,,,
sweep,opening,ons,100.0,0.25,1.5,-0.00020821900416364045,-0.00012417812525095153,,,,,,,,,,,
sweep,opening,ons,0.01,0.5,1.5,-2.0562783394901538e-05,-8.498243184602153e-05,,,,,,,,,,,
sweep,opening,ons,0.03,0.5,1.5,-1.9310870567502703e-05,-7.45968807220828e-05,,,,,,,,,,,
sweep,opening,ons,0.1,0.5,1.5,-1.5780888611351532e-05,-4.214231824318593e-05,,,,,,,,,,,
sweep,opening,ons,0.3,0.5,1.5,-1.0651056739678767e-05,2.48890551891353e-05,,,,,,,,,,,
sweep,opening,ons,1.0,0.5,1.5,-1.1691657135966563e-05,4.9478663687773186e-05,,,,,,,,,,,
sweep,opening,ons,3.0,0.5,1.5,-4.504676177718542e-06,-1.4024893026648533e-05,,,,,,,,,,,
sweep,opening,ons,10.0,0.5,1.5,-7.605764779812777e-05,-7.334004530338771e-05,,,,,,,,,,,
sweep,opening,ons,30.0,0.5,1.5,-0.00011086594997269036,-9.49765206964243e-05,,,,,,,,,,,
sweep,opening,ons,100.0,0.5,1.5,-0.00020818342727186247,-0.0001241781502257482,,,,,,,,,,,
sweep,opening,ons,0.01,1.0,1.5,-0.0001657240223947405,-0.00028024519225045984,,,,,,,,,,,
sweep,opening,ons,0.03,1.0,1.5,-0.00016219357260459916,-0.0002607118802574628,,,,,,,,,,,
sweep,opening,ons,0.1,1.0,1.5,-0.00015102025008147517,-0.00019986830978258084,,,,,,,,,,,
sweep,opening,ons,0.3,1.0,1.5,-0.00012698015223019973,-7.462645430269724e-05,,,,,,,,,,,
sweep,opening,ons,1.0,1.0,1.5,-8.192249855164893e-05,3.547025096849124e-05,,,,,,,,,,,
sweep,opening,ons,3.0,1.0,1.5,-4.483573570026145e-05,-7.668566865681508e-06,,,,,,,,,,,
sweep,opening,ons,10.0,1.0,1.5,-8.415824337276662e-05,-7.33367510643487e-05,,,,,,,,,,,
sweep,opening,ons,30.0,1.0,1.5,-0.00011440647766943192,-9.497621422344524e-05,,,,,,,,,,,
sweep,opening,ons,100.0,1.0,1.5,-0.00020775029191323171,-0.00012417820219800372,,,,,,,,,,,
sweep,opening,ogd,0.01,0.25,1.0,5.418775456841e-06,-3.069047077921805e-05,,,,,,,,,,,
sweep,opening,ogd,0.03,0.25,1.0,6.416158268547279e-06,-2.924872886780565e-05,,,,,,,,,,,
sweep,opening,ogd,0.1,0.25,1.0,9.69131898655387e-06,-2.4385370141878388e-05,,,,,,,,,,,
sweep,opening,ogd,0.3,0.25,1.0,1.7394584122539126e-05,-1.1904139978575036e-05,,,,,,,,,,,
sweep,opening,ogd,1.0,0.25,1.0,3.095502467938567e-05,1.9786546209942676e-05,,,,,,,,,,,
sweep,opening,ogd,3.0,0.25,1.0,3.811874637329449e-05,4.634046867334584e-05,,,,,,,,,,,
sweep,opening,ogd,10.0,0.25,1.0,3.2801835833246325e-05,4.7311331962277045e-05,,,,,,,,,,,
sweep,opening,ogd,30.0,0.25,1.0,-1.0287410475187279e-05,1.6852642239361502e-05,,,,,,,,,,,
sweep,opening,ogd,100.0,0.25,1.0,-3.5548260347889066e-05,-9.764135655607539e-06,,,,,,,,,,,
sweep,opening,ogd,0.01,0.5,1.0,-2.090982194351517e-05,-8.959141735579939e-05,,,,,,,,,,,
sweep,opening,ogd,0.03,0.5,1.0,-2.0272844904208973e-05,-8.802668064129922e-05,,,,,,,,,,,
sweep,opening,ogd,0.1,0.5,1.0,-1.8187030320040133e-05,-8.270201907996362e-05,,,,,,,,,,,
sweep,opening,ogd,0.3,0.5,1.0,-1.3318752605838063e-05,-6.867647202782349e-05,,,,,,,,,,,
sweep,opening,ogd,1.0,0.5,1.0,-4.8332934409474376e-06,-3.005174363408886e-05,,,,,,,,,,,
sweep,opening,ogd,3.0,0.5,1.0,5.7435679207033804e-06,2.4644057362006756e-05,,,,,,,,,,,
sweep,opening,ogd,10.0,0.5,1.0,2.170470509764404e-05,4.441122252818551e-05,,,,,,,,,,,
sweep,opening,ogd,30.0,0.5,1.0,-1.144297600872429e-05,1.6852642239361502e-05,,,,,,,,,,,
sweep,opening,ogd,100.0,0.5,1.0,-3.5461530113250434e-05,-9.764135655607539e-06,,,,,,,,,,,
sweep,opening,ogd,0.01,1.0,1.0,-0.00016713495386296937,-0.0002893063995053823,,,,,,,,,,,
sweep,opening,ogd,0.03,1.0,1.0,-0.00016630690137815166,-0.00028711067288072524,,,,,,,,,,,
sweep,opening,ogd,0.1,1.0,1.0,-0.00016345269220361275,-0.00027953075642979305,,,,,,,,,,,
sweep,opening,ogd,0.3,1.0,1.0,-0.00015566153028971267,-0.000258743426559218,,,,,,,,,,,
sweep,opening,ogd,1.0,1.0,1.0,-0.00013218958599263737,-0.00019502627665249247,,,,,,,,,,,
sweep,opening,ogd,3.0,1.0,1.0,-8.887015151256577e-05,-6.930527419152574e-05,,,,,,,,,,,
sweep,opening,ogd,10.0,1.0,1.0,-1.442582968632233e-05,4.873993821361979e-05,,,,,,,,,,,
sweep,opening,ogd,30.0,1.0,1.0,-1.3395638731716452e-05,1.6852642239361502e-05,,,,,,,,,,,
sweep,opening,ogd,100.0,1.0,1.0,-3.53208931605089e-05,-9.764135655607539e-06,,,,,,,,,,,
sweep,opening,ogd,0.01,0.25,1.5,5.50407554292651e-06,-3.0471708065283635e-05,,,,,,,,,,,
sweep,opening,ogd,0.03,0.25,1.5,6.664725405211867e-06,-2.8600809304228905e-05,,,,,,,,,,,
sweep,opening,ogd,0.1,0.25,1.5,1.0438742877992119e-05,-2.23192855869163e-05,,,,,,,,,,,
sweep,opening,ogd,0.3,0.25,1.5,1.9043570916726506e-05,-6.4167739910024965e-06,,,,,,,,,,,
sweep,opening,ogd,1.0,0.25,1.5,3.234022867274215e-05,3.2314138852621576e-05,,,,,,,,,,,
sweep,opening,ogd,3.0,0.25,1.5,2.7567064955035297e-05,5.2767040673794104e-05,,,,,,,,,,,
sweep,opening,ogd,10.0,0.25,1.5,2.344020010402357e-05,4.481607168792728e-05,,,,,,,,,,,
sweep,opening,ogd,30.0,0.25,1.5,-4.349436596214025e-05,-1.0290422848527878e-05,,,,,,,,,,,
sweep,opening,ogd,100.0,0.25,1.5,-9.66792813998218e-05,-7.52883504465337e-05,,,,,,,,,,,
sweep,opening,ogd,0.01,0.5,1.5,-2.0823253087610728e-05,-8.929047671990099e-05,,,,,,,,,,,
sweep,opening,ogd,0.03,0.5,1.5,-2.0018817027832312e-05,-8.713289965020269e-05,,,,,,,,,,,
sweep,opening,ogd,0.1,0.5,1.5,-1.7403162033637016e-05,-7.982469788694694e-05,,,,,,,,,,,
sweep,opening,ogd,0.3,0.5,1.5,-1.1428731764761465e-05,-6.083626018135711e-05,,,,,,,,,,,
sweep,opening,ogd,1.0,0.5,1.5,-1.8052081357476206e-06,-1.081174284269571e-05,,,,,,,,,,,
sweep,opening,ogd,3.0,0.5,1.5,4.762913247551422e-06,5.119172689081658e-05,,,,,,,,,,,
sweep,opening,ogd,10.0,0.5,1.5,1.9522436784382033e-05,4.481607168792728e-05,,,,,,,,,,,
sweep,opening,ogd,30.0,0.5,1.5,-4.3896740395940495e-05,-1.0290422848527878e-05,,,,,,,,,,,
sweep,opening,ogd,100.0,0.5,1.5,-9.670680733379573e-05,-7.52883504465337e-05,,,,,,,,,,,
sweep,opening,ogd,0.01,1.0,1.5,-0.0001671256436420385,-0.0002887010642123775,,,,,,,,,,,
sweep,opening,ogd,0.03,1.0,1.5,-0.00016628405752981392,-0.000285310344394189,,,,,,,,,,,
sweep,opening,ogd,0.1,1.0,1.5,-0.0001634320885559548,-0.00027370760933071163,,,,,,,,,,,
sweep,opening,ogd,0.3,1.0,1.5,-0.00015598848115565877,-0.00024268231520153843,,,,,,,,,,,
sweep,opening,ogd,1.0,1.0,1.5,-0.00013547843990042494,-0.00015442231868184898,,,,,,,,,,,
sweep,opening,ogd,3.0,1.0,1.5,-8.380279035549845e-05,-1.3542972981172365e-05,,,,,,,,,,,
sweep,opening,ogd,10.0,1.0,1.5,-1.0584125937952093e-05,4.627657638038315e-05,,,,,,,,,,,
sweep,opening,ogd,30.0,1.0,1.5,-4.7016370845744506e-05,-1.0290422848527878e-05,,,,,,,,,,,
sweep,opening,ogd,100.0,1.0,1.5,-9.664723718942112e-05,-7.52883504465337e-05,,,,,,,,,,,
raw,closing,,,,,,,Basic,PSC,Kelly 1/4 (σταθερό),20580.0,0.08124203335539963,-0.00012197874215695177,-0.00018986086554510166,-5.288030099004606e-05,0.001,True,0.25
raw,closing,,,,,,,Basic,PSC,Kelly πλήρες (σταθερό),20580.0,1.6996432070083436e-06,-0.000645534120853256,-0.0009075860650475649,-0.00037635160281317023,0.0,True,1.0
raw,closing,,,,,,,Basic,PSC,OCO λ (ONS),20580.0,0.0534773789595274,-0.00014229817967354296,-0.00022155380991918837,-5.9094914128808565e-05,0.002,True,0.27982600623762305
raw,closing,,,,,,,Basic,PSC,OCO λ (OGD),20580.0,0.3376570299034507,-5.275629752613459e-05,-9.104167615878338e-05,-1.4599910802616655e-05,0.016,True,0.12454532677492303
raw,closing,,,,,,,Basic,PSC,OCO f (παλαιό),20580.0,0.0031382637815799436,-0.0002800819031967894,-0.0004379104053501898,-0.00015456411786015576,0.0,True,
calibrated,closing,,,,,,,Basic,PSC,Kelly 1/4 (σταθερό),19497.0,0.5388750587012218,-3.171111129824741e-05,-0.00010238341775668032,4.1984290807011924e-05,0.368,False,0.25
calibrated,closing,,,,,,,Basic,PSC,Kelly πλήρες (σταθερό),19497.0,0.0035396089430741605,-0.000289467047545604,-0.0005697839555723234,-3.224825564614759e-08,0.05,True,1.0
calibrated,closing,,,,,,,Basic,PSC,OCO λ (ONS),19497.0,0.24680939349465106,-7.176175445010733e-05,-0.00017301640149619419,3.3794757396649415e-05,0.164,False,0.37375434978969657
calibrated,closing,,,,,,,Basic,PSC,OCO λ (OGD),19497.0,0.5260439867700731,-3.294714287852719e-05,-8.042310381756278e-05,1.4456713297478529e-05,0.158,False,0.16592322323261388
calibrated,closing,,,,,,,Basic,PSC,OCO f (παλαιό),19497.0,0.03867393235299238,-0.0001668251263535472,-0.0002778975584949443,-4.576544133707207e-05,0.007,True,
raw,closing,,,,,,,Basic,B365C,Kelly 1/4 (σταθερό),7941.0,1.016564557763473,2.0688656240437184e-06,-0.00012019799462371123,0.00012280415790549,0.991,False,0.25
raw,closing,,,,,,,Basic,B365C,Kelly πλήρες (σταθερό),7941.0,0.25349553287096355,-0.00017282572445749447,-0.0006466624860769978,0.0002824919557575353,0.422,False,1.0
raw,closing,,,,,,,Basic,B365C,OCO λ (ONS),7941.0,0.6655041660413454,-5.1279483836988135e-05,-0.00024606253763391223,0.00013934702468030254,0.567,False,0.39722371134230267
raw,closing,,,,,,,Basic,B365C,OCO λ (OGD),7941.0,0.5427141296811673,-7.696418113020546e-05,-0.0002781927807193621,0.00012189491738417447,0.405,False,0.39612151841865606
raw,closing,,,,,,,Basic,B365C,OCO f (παλαιό),7941.0,0.06668333773476977,-0.00034098982072055904,-0.0008738124896985002,0.00023160165526814498,0.234,False,
calibrated,closing,,,,,,,Basic,B365C,Kelly 1/4 (σταθερό),7643.0,1.0547062088112684,6.968762669925665e-06,-0.00012548599717541176,0.000144505814734718,0.968,False,0.25
calibrated,closing,,,,,,,Basic,B365C,Kelly πλήρες (σταθερό),7643.0,0.24315130036826266,-0.0001850152288549215,-0.0007051919242828477,0.0003568427587637585,0.461,False,1.0
calibrated,closing,,,,,,,Basic,B365C,OCO λ (ONS),7643.0,0.6654438694957174,-5.329072197584354e-05,-0.00025713961100896606,0.00015788294851491072,0.575,False,0.39196829243774944
calibrated,closing,,,,,,,Basic,B365C,OCO λ (OGD),7643.0,0.5252262818155028,-8.425043782127739e-05,-0.00025746232535161617,9.399542226848206e-05,0.365,False,0.3128756040301175
calibrated,closing,,,,,,,Basic,B365C,OCO f (παλαιό),7643.0,0.16413470625422424,-0.0002364343593754578,-0.0006878550747571234,0.0002330448643466597,0.321,False,
raw,closing,,,,,,,Basic,BWC,Kelly 1/4 (σταθερό),3134.0,2.021895039634034,0.00022464429166208316,-4.034364752392359e-05,0.0004923514192127519,0.091,False,0.25
raw,closing,,,,,,,Basic,BWC,Kelly πλήρες (σταθερό),3134.0,6.185683543698993,0.0005814414537651482,-0.00045571542831503474,0.0016185105990116281,0.277,False,1.0
raw,closing,,,,,,,Basic,BWC,OCO λ (ONS),3134.0,3.5511492633758457,0.0004043622486465502,-0.00016506724878438003,0.000992560117234553,0.163,False,0.528663599045019
raw,closing,,,,,,,Basic,BWC,OCO λ (OGD),3134.0,2.6515436305914264,0.00031114932116132853,-0.00015196744072593478,0.000811956156891997,0.209,False,0.3814576645915077
raw,closing,,,,,,,Basic,BWC,OCO f (παλαιό),3134.0,0.10093383837106679,-0.0007317453868612368,-0.0016505041348769832,-3.1341264483589865e-05,0.042,True,
calibrated,closing,,,,,,,Basic,BWC,Kelly 1/4 (σταθερό),6920.0,3.090768313423394,0.000163066431376216,5.695030752301487e-06,0.0003304249052646804,0.042,True,0.25
calibrated,closing,,,,,,,Basic,BWC,Kelly πλήρες (σταθερό),6920.0,13.769290958437619,0.00037896543636601726,-0.00024161038205652724,0.001030392290978687,0.216,False,1.0
calibrated,closing,,,,,,,Basic,BWC,OCO λ (ONS),6920.0,7.079387292119379,0.00028283054382943193,-0.00010569356059961375,0.0006974525995048215,0.152,False,0.6226018330622399
calibrated,closing,,,,,,,Basic,BWC,OCO λ (OGD),6920.0,5.413266955218418,0.0002440538705235842,-0.0001518615162448568,0.0006759066135955712,0.225,False,0.6309207306155892
calibrated,closing,,,,,,,Basic,BWC,OCO f (παλαιό),6920.0,0.2582816332255514,-0.00019562206470736222,-0.0006053317786790391,0.00023243128638454069,0.407,False,
raw,closing,,,,,,,Basic,VC_BVC,Kelly 1/4 (σταθερό),5142.0,1.0058268749699477,1.1299036158554097e-06,-0.00015356520939697378,0.00017591299435856081,0.936,False,0.25
raw,closing,,,,,,,Basic,VC_BVC,Kelly πλήρες (σταθερό),5142.0,0.34565145460190405,-0.0002065975045295625,-0.0008045865097389027,0.0004474297844500474,0.56,False,1.0
raw,closing,,,,,,,Basic,VC_BVC,OCO λ (ONS),5142.0,0.7036792699095641,-6.834550936370353e-05,-0.000331608774344208,0.00023168521264068192,0.682,False,0.44557534288376893
raw,closing,,,,,,,Basic,VC_BVC,OCO λ (OGD),5142.0,0.5794546576061964,-0.00010611977115058591,-0.00035912820417671813,0.00016157668083651458,0.434,False,0.38564012338616704
raw,closing,,,,,,,Basic,VC_BVC,OCO f (παλαιό),5142.0,0.06657465795596165,-0.0005269216812563753,-0.0010106543906605381,3.4034290452872137e-06,0.052,False,
calibrated,closing,,,,,,,Basic,VC_BVC,Kelly 1/4 (σταθερό),4561.0,1.5754460722777133,9.96576304915652e-05,-0.00010492092926141835,0.00029658473927029734,0.339,False,0.25
calibrated,closing,,,,,,,Basic,VC_BVC,Kelly πλήρες (σταθερό),4561.0,1.7420970794527288,0.00012170348730770208,-0.000672291557725522,0.0008714787156539729,0.8,False,1.0
calibrated,closing,,,,,,,Basic,VC_BVC,OCO λ (ONS),4561.0,1.5448195054065996,9.535344848620775e-05,-0.00038675362574371947,0.0005491122025078352,0.711,False,0.569948990519255
calibrated,closing,,,,,,,Basic,VC_BVC,OCO λ (OGD),4561.0,1.3028756744972323,5.800786642760937e-05,-0.00047828640095704314,0.0005279420406725954,0.865,False,0.5748856985730598
calibrated,closing,,,,,,,Basic,VC_BVC,OCO f (παλαιό),4561.0,0.23969771485423022,-0.00031317181998347814,-0.00113482352058384,0.0005256831222147572,0.445,False,
raw,closing,,,,,,,Basic,WHC,Kelly 1/4 (σταθερό),6633.0,38.44508873092841,0.0005501629664522925,0.00026219541072211274,0.0008249299780307716,0.0,True,0.25
raw,closing,,,,,,,Basic,WHC,Kelly πλήρες (σταθερό),6633.0,8387.940809736034,0.0013620609581571153,0.000299536764916386,0.0024154345389342056,0.011,True,1.0
raw,closing,,,,,,,Basic,WHC,OCO λ (ONS),6633.0,2069.50125472446,0.0011510723530049945,0.00027914973730562424,0.0020224678426429494,0.008,True,0.7914904299889324
raw,closing,,,,,,,Basic,WHC,OCO λ (OGD),6633.0,1585.8310125641544,0.001110939823166419,0.0002372654381981511,0.0019904869841365284,0.01,True,0.7990838578982057
raw,closing,,,,,,,Basic,WHC,OCO f (παλαιό),6633.0,0.045540968444751105,-0.00046572334581152555,-0.001094766740026305,0.00018512967309376762,0.144,False,
calibrated,closing,,,,,,,Basic,WHC,Kelly 1/4 (σταθερό),7253.0,84.23997174056248,0.0006112876785278176,0.0002848549397855003,0.0008849902317948699,0.0,True,0.25
calibrated,closing,,,,,,,Basic,WHC,Kelly πλήρες (σταθερό),7253.0,29341.896247820845,0.001418278185541425,0.00017620693287424399,0.002527471892469138,0.031,True,1.0
calibrated,closing,,,,,,,Basic,WHC,OCO λ (ONS),7253.0,6493.749836016128,0.0012103399185985065,0.00013544254237634698,0.0021443358770743964,0.025,True,0.7856394629992102
calibrated,closing,,,,,,,Basic,WHC,OCO λ (OGD),7253.0,4718.492191550211,0.0011663097444645702,0.00012386153974549796,0.002070030923899017,0.033,True,0.7522693891731415
calibrated,closing,,,,,,,Basic,WHC,OCO f (παλαιό),7253.0,25.309658095618307,0.00044549649328526103,-0.0003388609485600412,0.0011654481995828142,0.278,False,
raw,opening,,,,,,,Basic,B365,Kelly 1/4 (σταθερό),15836.0,0.24472041624970148,-8.888853739698454e-05,-0.00017416456056794214,-5.187727609834155e-06,0.041,True,0.25
raw,opening,,,,,,,Basic,B365,Kelly πλήρες (σταθερό),15836.0,0.00031378622619539047,-0.0005093962245646727,-0.000840738687712513,-0.00018121570813791723,0.001,True,1.0
raw,opening,,,,,,,Basic,B365,OCO λ (ONS),15836.0,0.4645526661097173,-4.841376261606527e-05,-9.436690477499817e-05,-1.0706482108072105e-06,0.048,True,0.130611043938262
raw,opening,,,,,,,Basic,B365,OCO λ (OGD),15836.0,0.3208392894961167,-7.178674772653559e-05,-0.00013704154292377976,-7.359588579029654e-06,0.03,True,0.1955706227113741
raw,opening,,,,,,,Basic,B365,OCO f (παλαιό),15836.0,0.003470729234849336,-0.00035762759238238193,-0.0005587806008918407,-0.00014780109918721267,0.004,True,
calibrated,opening,,,,,,,Basic,B365,Kelly 1/4 (σταθερό),10829.0,0.41079478194418395,-8.215546247936716e-05,-0.00016742513938346423,1.2771895266464582e-05,0.101,False,0.25
calibrated,opening,,,,,,,Basic,B365,Kelly πλήρες (σταθερό),10829.0,0.006739591172028264,-0.00046170061989719526,-0.0008023158459140339,-8.225213767825398e-05,0.017,True,1.0
calibrated,opening,,,,,,,Basic,B365,OCO λ (ONS),10829.0,0.6104775069350568,-4.5573352090436876e-05,-0.0001191324519086761,2.8186195091480677e-05,0.217,False,0.12120806378006713
calibrated,opening,,,,,,,Basic,B365,OCO λ (OGD),10829.0,0.5243800000468422,-5.96120294169261e-05,-0.00012690530655155282,1.0777403187064693e-05,0.109,False,0.18469379235547928
calibrated,opening,,,,,,,Basic,B365,OCO f (παλαιό),10829.0,0.09945602792370051,-0.00021313506906572014,-0.0006864626349740541,0.00023658233521677656,0.342,False,
raw,opening,,,,,,,Basic,BW,Kelly 1/4 (σταθερό),4611.0,0.6760235690886637,-8.491158924987752e-05,-0.00020966578414846891,5.757785530769737e-05,0.248,False,0.25
raw,opening,,,,,,,Basic,BW,Kelly πλήρες (σταθερό),4611.0,0.12127493410919925,-0.0004575352696092531,-0.0009437837029632152,0.0001017865025811325,0.097,False,1.0
raw,opening,,,,,,,Basic,BW,OCO λ (ONS),4611.0,0.7164540497150468,-7.231428439848859e-05,-0.00017271289020693144,2.503919542301425e-05,0.13,False,0.1514922523163655
raw,opening,,,,,,,Basic,BW,OCO λ (OGD),4611.0,0.720288393551195,-7.115671233366479e-05,-0.00015725421667367716,1.644810958238422e-05,0.108,False,0.16457032099647603
raw,opening,,,,,,,Basic,BW,OCO f (παλαιό),4611.0,0.10164167348544122,-0.0004958364033473295,-0.0008109105474891737,-0.00019028433972151926,0.003,True,
calibrated,opening,,,,,,,Basic,BW,Kelly 1/4 (σταθερό),7841.0,1.091338172614765,1.1147127222871786e-05,-9.820269502224652e-05,0.00011270142107037996,0.82,False,0.25
calibrated,opening,,,,,,,Basic,BW,Kelly πλήρες (σταθερό),7841.0,0.4982385374435004,-8.885044328358401e-05,-0.0005273996611374295,0.0003209806388411695,0.684,False,1.0
calibrated,opening,,,,,,,Basic,BW,OCO λ (ONS),7841.0,1.0992255894863623,1.2065542955665117e-05,-0.00020983875201053282,0.00024792385251869327,0.895,False,0.4519754023710498
calibrated,opening,,,,,,,Basic,BW,OCO λ (OGD),7841.0,0.8793015635916743,-1.6404459173006937e-05,-0.00012314691346974947,8.381021744890833e-05,0.754,False,0.2342743606105592
calibrated,opening,,,,,,,Basic,BW,OCO f (παλαιό),7841.0,0.14199032025908676,-0.0002489473779994762,-0.0007836639285517846,0.0002663381777505621,0.318,False,
raw,opening,,,,,,,Basic,PS,Kelly 1/4 (σταθερό),29835.0,0.024602967074978964,-0.00012417926028198233,-0.0001815615010978797,-6.566515457565965e-05,0.0,True,0.25
raw,opening,,,,,,,Basic,PS,Kelly πλήρες (σταθερό),29835.0,6.774843809907675e-09,-0.0006304692315848689,-0.000852177267879174,-0.00040297063293860626,0.0,True,1.0
raw,opening,,,,,,,Basic,PS,OCO λ (ONS),29835.0,0.16221553239211345,-6.096294222038109e-05,-9.580617645979449e-05,-2.112403736810809e-05,0.002,True,0.13306328217353455
raw,opening,,,,,,,Basic,PS,OCO λ (OGD),29835.0,0.6809194197321503,-1.2881223603762516e-05,-2.363466010485347e-05,-8.768274420398157e-07,0.028,True,0.031202978110912293
raw,opening,,,,,,,Basic,PS,OCO f (παλαιό),29835.0,0.002173358420944329,-0.00020551304335173488,-0.0002716331978913555,-0.00013902015847673665,0.0,True,
calibrated,opening,,,,,,,Basic,PS,Kelly 1/4 (σταθερό),26675.0,0.2603005975202469,-5.0456163879217196e-05,-0.00010114509443673662,1.4085869978119367e-06,0.055,False,0.25
calibrated,opening,,,,,,,Basic,PS,Kelly πλήρες (σταθερό),26675.0,0.00017893850930143538,-0.0003234664792726105,-0.0005258669860409018,-0.00011708275971867994,0.002,True,1.0
calibrated,opening,,,,,,,Basic,PS,OCO λ (ONS),26675.0,0.13504069335105984,-7.505826105848928e-05,-0.00013151050060483674,-1.6072171367795003e-05,0.01,True,0.21667783959486359
calibrated,opening,,,,,,,Basic,PS,OCO λ (OGD),26675.0,0.6832007409084488,-1.4281782644442387e-05,-2.5829167238238075e-05,-2.013760640632402e-06,0.022,True,0.04655383430087334
calibrated,opening,,,,,,,Basic,PS,OCO f (παλαιό),26675.0,0.07614275842086336,-9.653778070886401e-05,-0.00018190799359003257,-1.3671234004082438e-05,0.027,True,
raw,opening,,,,,,,Basic,VC_BV,Kelly 1/4 (σταθερό),9508.0,0.23716423895543717,-0.00015134648574689687,-0.00026046879806741535,-4.6313600736639275e-05,0.007,True,0.25
raw,opening,,,,,,,Basic,VC_BV,Kelly πλήρες (σταθερό),9508.0,0.0006889454053748936,-0.0007657076701274799,-0.001180862813717733,-0.00036621794247883625,0.001,True,1.0
raw,opening,,,,,,,Basic,VC_BV,OCO λ (ONS),9508.0,0.46626973562199747,-8.024726341061593e-05,-0.00012206905692926897,-3.694857293848978e-05,0.001,True,0.08929668355150629
raw,opening,,,,,,,Basic,VC_BV,OCO λ (OGD),9508.0,0.6015187272392677,-5.345999261907765e-05,-9.648659739439128e-05,-8.500479930957619e-06,0.014,True,0.0906861933140389
raw,opening,,,,,,,Basic,VC_BV,OCO f (παλαιό),9508.0,0.03197304304392088,-0.0003621016129661621,-0.0005216390067472897,-0.00018417752620719505,0.0,True,
calibrated,opening,,,,,,,Basic,VC_BV,Kelly 1/4 (σταθερό),8083.0,0.5973719741682122,-6.374060216626547e-05,-0.00017643788198303963,4.767708481382514e-05,0.245,False,0.25
calibrated,opening,,,,,,,Basic,VC_BV,Kelly πλήρες (σταθερό),8083.0,0.03441070299874916,-0.00041684864893112286,-0.0008649147889260457,2.900803421065457e-05,0.061,False,1.0
calibrated,opening,,,,,,,Basic,VC_BV,OCO λ (ONS),8083.0,0.4646551847265824,-9.4823665309e-05,-0.00019544596451787896,4.4312157956523935e-07,0.052,False,0.17052419855109882
calibrated,opening,,,,,,,Basic,VC_BV,OCO λ (OGD),8083.0,0.6717472776190274,-4.922344230664315e-05,-0.00011360057112074813,1.6002192644472542e-05,0.133,False,0.1187009721516483
calibrated,opening,,,,,,,Basic,VC_BV,OCO f (παλαιό),8083.0,0.3424388841014301,-0.0001325822191985694,-0.0002576970581741531,9.035484980131825e-06,0.058,False,
raw,opening,,,,,,,Basic,WH,Kelly 1/4 (σταθερό),5793.0,0.6831231759951355,-6.578285692117366e-05,-0.00023679215078078135,9.936886559897555e-05,0.425,False,0.25
raw,opening,,,,,,,Basic,WH,Kelly πλήρες (σταθερό),5793.0,0.06090354534982088,-0.00048307679786569347,-0.0011417110898913406,0.00017155079312990512,0.145,False,1.0
raw,opening,,,,,,,Basic,WH,OCO λ (ONS),5793.0,0.7958816257243777,-3.94104635936351e-05,-0.00018989337641116334,0.00011498769863555567,0.617,False,0.16376211899945595
raw,opening,,,,,,,Basic,WH,OCO λ (OGD),5793.0,0.7149402642280102,-5.792444093087913e-05,-0.00017287699279607666,5.208491310636775e-05,0.302,False,0.17893502980121737
raw,opening,,,,,,,Basic,WH,OCO f (παλαιό),5793.0,0.08188769787477336,-0.00043197074201706536,-0.0006445721954802889,-0.00022854999067635354,0.001,True,
calibrated,opening,,,,,,,Basic,WH,Kelly 1/4 (σταθερό),5931.0,1.3757402437213175,5.378383836205102e-05,-0.00012014740195116732,0.00023569781695378648,0.545,False,0.25
calibrated,opening,,,,,,,Basic,WH,Kelly πλήρες (σταθερό),5931.0,0.781269552948586,-4.161777954316734e-05,-0.0007267293881831057,0.0006665349214109232,0.926,False,1.0
calibrated,opening,,,,,,,Basic,WH,OCO λ (ONS),5931.0,1.3918304912079686,5.5744356927960224e-05,-0.0002051378945451254,0.00033216600916934405,0.658,False,0.27744358806662583
calibrated,opening,,,,,,,Basic,WH,OCO λ (OGD),5931.0,1.2150882886915737,3.284719941700694e-05,-9.988410058905712e-05,0.00017529895372652888,0.64,False,0.19564361805574804
calibrated,opening,,,,,,,Basic,WH,OCO f (παλαιό),5931.0,0.3396833854797938,-0.00018205046609390502,-0.0004336265801856293,9.354939082840684e-05,0.197,False,
raw,opening,,,,,,,Basic,IW,Kelly 1/4 (σταθερό),3101.0,3.7046220716514124,0.000422309335244376,0.0001454029010635313,0.0006674369547949358,0.004,True,0.25
raw,opening,,,,,,,Basic,IW,Kelly πλήρες (σταθερό),3101.0,71.22566777606554,0.001375637941285184,0.0002812311464697953,0.0023341491013295747,0.02,True,1.0
raw,opening,,,,,,,Basic,IW,OCO λ (ONS),3101.0,24.833341179464576,0.0010358552572295875,0.00016420402026752457,0.001860050274461364,0.024,True,0.7940259280953124
raw,opening,,,,,,,Basic,IW,OCO λ (OGD),3101.0,52.82111109482471,0.0012792360342284222,0.0002530365578974474,0.002204905898442158,0.02,True,0.9504457020988686
raw,opening,,,,,,,Basic,IW,OCO f (παλαιό),3101.0,0.01982755525723564,-0.0012643284840734921,-0.0038024396693777224,0.0009768061269389847,0.278,False,
calibrated,opening,,,,,,,Basic,IW,Kelly 1/4 (σταθερό),7443.0,7.8901355942730165,0.00027752429400726116,6.240748534334204e-05,0.00048110469696851827,0.008,True,0.25
calibrated,opening,,,,,,,Basic,IW,Kelly πλήρες (σταθερό),7443.0,109.56515766582889,0.0006309981753946943,-0.00025221835832162895,0.0014563424285099669,0.159,False,1.0
calibrated,opening,,,,,,,Basic,IW,OCO λ (ONS),7443.0,64.43284434412323,0.0005596699594847928,-3.430797325071617e-06,0.001116967644419115,0.051,False,0.6740360862506184
calibrated,opening,,,,,,,Basic,IW,OCO λ (OGD),7443.0,56.93489412910511,0.0005430482878887873,-0.00013957957097191374,0.0011758830487274736,0.104,False,0.7532472335586738
calibrated,opening,,,,,,,Basic,IW,OCO f (παλαιό),7443.0,0.7512298733443404,-3.8431221870347485e-05,-0.0012701327350487087,0.0010527324103256875,0.875,False,
raw,closing,,,,,,,Shin,PSC,Kelly 1/4 (σταθερό),13136.0,1.0250235254938977,1.8815137049589966e-06,-8.272614594008212e-05,8.017994220663359e-05,0.947,False,0.25
raw,closing,,,,,,,Shin,PSC,Kelly πλήρες (σταθερό),13136.0,0.17279793924380177,-0.0001336504528285431,-0.00046463830420648955,0.00017367762224661972,0.411,False,1.0
raw,closing,,,,,,,Shin,PSC,OCO λ (ONS),13136.0,0.7319153993787986,-2.3758400298356547e-05,-0.00017452407310049187,0.00011683779473489605,0.747,False,0.4611757821869327
raw,closing,,,,,,,Shin,PSC,OCO λ (OGD),13136.0,0.8424561635595366,-1.3050673682447701e-05,-0.00011330546148170089,8.171859502160914e-05,0.801,False,0.30821573929775953
raw,closing,,,,,,,Shin,PSC,OCO f (παλαιό),13136.0,0.02645930235697044,-0.0002765033104896956,-0.0005366467137818492,-3.7539144239849544e-05,0.019,True,
calibrated,closing,,,,,,,Shin,PSC,Kelly 1/4 (σταθερό),18398.0,0.9791623005839762,-1.1445737681182159e-06,-7.53112211181459e-05,7.497156062838762e-05,0.974,False,0.25
calibrated,closing,,,,,,,Shin,PSC,Kelly πλήρες (σταθερό),18398.0,0.04455661768756684,-0.00016909417278625972,-0.00046538767573045076,0.00013219660635178706,0.249,False,1.0
calibrated,closing,,,,,,,Shin,PSC,OCO λ (ONS),18398.0,0.5690503664509851,-3.06438923407275e-05,-0.00015129728101791095,9.480934515321476e-05,0.635,False,0.41997181444273624
calibrated,closing,,,,,,,Shin,PSC,OCO λ (OGD),18398.0,0.7788849661581738,-1.3582558572594424e-05,-7.381037071098594e-05,5.02646738492893e-05,0.691,False,0.20517120599428268
calibrated,closing,,,,,,,Shin,PSC,OCO f (παλαιό),18398.0,0.05734854198226893,-0.00015537601146218576,-0.00028530934182914466,-2.1598199906658422e-05,0.016,True,
raw,closing,,,,,,,Shin,B365C,Kelly 1/4 (σταθερό),5198.0,1.4043111508834771,6.532260455722821e-05,-8.003369149469229e-05,0.00021631732805678518,0.42,False,0.25
raw,closing,,,,,,,Shin,B365C,Kelly πλήρες (σταθερό),5198.0,1.4739426360926464,7.46327194768528e-05,-0.0004908869446562011,0.0006336859891252376,0.854,False,1.0
raw,closing,,,,,,,Shin,B365C,OCO λ (ONS),5198.0,1.3824573950767143,6.230523982976585e-05,-0.00023575386914477279,0.00036603923348218695,0.734,False,0.5047634192534365
raw,closing,,,,,,,Shin,B365C,OCO λ (OGD),5198.0,1.189447134248564,3.3376030415200225e-05,-0.0002891365042414693,0.00037177267722058,0.878,False,0.5493167477552022
raw,closing,,,,,,,Shin,B365C,OCO f (παλαιό),5198.0,0.10945196521967455,-0.00042560013462177796,-0.001100746684434683,0.00019261781228717694,0.183,False,
calibrated,closing,,,,,,,Shin,B365C,Kelly 1/4 (σταθερό),7374.0,1.2529516162518783,3.058069715815872e-05,-0.00010470529683176244,0.00016400749159180587,0.687,False,0.25
calibrated,closing,,,,,,,Shin,B365C,Kelly πλήρες (σταθερό),7374.0,0.510511920045398,-9.117728395767443e-05,-0.0006208996614942662,0.00042563042659770185,0.676,False,1.0
calibrated,closing,,,,,,,Shin,B365C,OCO λ (ONS),7374.0,0.8999749257562226,-1.4291887214103761e-05,-0.00023743203021697317,0.00020174089889431603,0.849,False,0.4229660140069238
calibrated,closing,,,,,,,Shin,B365C,OCO λ (OGD),7374.0,0.7544959243336037,-3.82025227284811e-05,-0.00019606728618675723,0.00011774263784083488,0.64,False,0.2816839333360819
calibrated,closing,,,,,,,Shin,B365C,OCO f (παλαιό),7374.0,0.14268793852195105,-0.0002640487227276441,-0.0007595704194028769,0.0002300769971742763,0.296,False,
raw,closing,,,,,,,Shin,BWC,Kelly 1/4 (σταθερό),2535.0,2.6929963841654816,0.00039079071840219804,7.837397221959754e-05,0.0007390914993981934,0.014,True,0.25
raw,closing,,,,,,,Shin,BWC,Kelly πλήρες (σταθερό),2535.0,19.25408014035938,0.0011667546325908379,-5.528818714414984e-05,0.0025132565797437263,0.063,False,1.0
raw,closing,,,,,,,Shin,BWC,OCO λ (ONS),2535.0,8.493731504190876,0.0008439165370162677,9.877053973242467e-05,0.0016963743698678278,0.028,True,0.570846253934207
raw,closing,,,,,,,Shin,BWC,OCO λ (OGD),2535.0,7.288476250542682,0.0007835481282221196,5.287418341790877e-05,0.0016210777771770817,0.033,True,0.4586913981140965
raw,closing,,,,,,,Shin,BWC,OCO f (παλαιό),2535.0,0.21442790623962898,-0.0006074089540653901,-0.0015825345368724218,0.000344979999427907,0.206,False,
calibrated,closing,,,,,,,Shin,BWC,Kelly 1/4 (σταθερό),6511.0,3.3235220887955057,0.0001844609262359826,2.0512683970551765e-05,0.0003591789815298146,0.029,True,0.25
calibrated,closing,,,,,,,Shin,BWC,Kelly πλήρες (σταθερό),6511.0,21.70052306554222,0.0004726365173796315,-0.00017931292661131618,0.0011680204251256934,0.149,False,1.0
calibrated,closing,,,,,,,Shin,BWC,OCO λ (ONS),6511.0,10.009300139730753,0.0003537881546263362,-6.937800530502276e-05,0.0008159665419145117,0.084,False,0.6366748736679083
calibrated,closing,,,,,,,Shin,BWC,OCO λ (OGD),6511.0,7.1684642714792375,0.00030251750016768193,-0.00010685493709722957,0.0007642347874544499,0.143,False,0.6198978189591344
calibrated,closing,,,,,,,Shin,BWC,OCO f (παλαιό),6511.0,0.5761353306948606,-8.468940205182708e-05,-0.0005029030431887741,0.0003499205521769404,0.719,False,
raw,closing,,,,,,,Shin,VC_BVC,Kelly 1/4 (σταθερό),2900.0,1.6127042236562874,0.000164797383447515,-8.603045874457638e-05,0.0004198645843393691,0.204,False,0.25
raw,closing,,,,,,,Shin,VC_BVC,Kelly πλήρες (σταθερό),2900.0,2.9644571272638496,0.0003747220420739457,-0.0005633983989897177,0.0013302837443395148,0.456,False,1.0
raw,closing,,,,,,,Shin,VC_BVC,OCO λ (ONS),2900.0,2.0101557061125437,0.00024076282234424201,-0.0003619192749345802,0.0008311350859570753,0.462,False,0.6176069118656712
raw,closing,,,,,,,Shin,VC_BVC,OCO λ (OGD),2900.0,1.8011667969321612,0.00020290850876407358,-0.00044326229683255006,0.0008268242283858417,0.585,False,0.6156684531649192
raw,closing,,,,,,,Shin,VC_BVC,OCO f (παλαιό),2900.0,0.16396830779036803,-0.0006234765913837523,-0.0011024961415441895,-0.00016256700003069413,0.008,True,
calibrated,closing,,,,,,,Shin,VC_BVC,Kelly 1/4 (σταθερό),4097.0,1.721948164923448,0.00013264737707639737,-7.827926100750909e-05,0.00035676353028643896,0.245,False,0.25
calibrated,closing,,,,,,,Shin,VC_BVC,Kelly πλήρες (σταθερό),4097.0,2.824848320554518,0.00025346709087572286,-0.0005496079415484713,0.0010953498193712594,0.57,False,1.0
calibrated,closing,,,,,,,Shin,VC_BVC,OCO λ (ONS),4097.0,2.0160691460696625,0.00017113733177119922,-0.00033536025282511657,0.0006854075525298428,0.543,False,0.5824185781408656
calibrated,closing,,,,,,,Shin,VC_BVC,OCO λ (OGD),4097.0,1.9248671261631223,0.00015983815962596556,-0.00037354912800911826,0.0007188672843974873,0.628,False,0.5882775168324165
calibrated,closing,,,,,,,Shin,VC_BVC,OCO f (παλαιό),4097.0,0.26014958239030883,-0.0003286547465248029,-0.0009636062356988585,0.00036394273247062145,0.341,False,
raw,closing,,,,,,,Shin,WHC,Kelly 1/4 (σταθερό),4980.0,60.978183193354276,0.0008254048489221719,0.00042187291371302105,0.0011747988352744253,0.001,True,0.25
raw,closing,,,,,,,Shin,WHC,Kelly πλήρες (σταθερό),4980.0,37077.58701874682,0.0021126040045292152,0.0005201563286108136,0.0034730852959157787,0.006,True,1.0
raw,closing,,,,,,,Shin,WHC,OCO λ (ONS),4980.0,8418.956416470997,0.0018149078631562944,0.00045003951838947464,0.0029765597085239536,0.005,True,0.8286167849549791
raw,closing,,,,,,,Shin,WHC,OCO λ (OGD),4980.0,8059.5404606639995,0.0018061469516203433,0.0004597713934296121,0.0029790161461579236,0.007,True,0.8472081167025293
raw,closing,,,,,,,Shin,WHC,OCO f (παλαιό),4980.0,56.59214043302872,0.0008104156855340782,-0.00022619364276406598,0.0017690490684745992,0.121,False,
calibrated,closing,,,,,,,Shin,WHC,Kelly 1/4 (σταθερό),6675.0,75.40913760099762,0.0006476297312379536,0.0003242853242733884,0.0009492926791163048,0.0,True,0.25
calibrated,closing,,,,,,,Shin,WHC,Kelly πλήρες (σταθερό),6675.0,22868.369208897017,0.001503746813104688,0.00021291563340758129,0.0027034441778591802,0.02,True,1.0
calibrated,closing,,,,,,,Shin,WHC,OCO λ (ONS),6675.0,5048.132070527369,0.0012774192609468229,0.00023601583970632342,0.0022580715429039015,0.015,True,0.7852472173206015
calibrated,closing,,,,,,,Shin,WHC,OCO λ (OGD),6675.0,4275.333313743642,0.0012525269432896884,0.0001791668947969614,0.0021864803321400947,0.015,True,0.7632746465197157
calibrated,closing,,,,,,,Shin,WHC,OCO f (παλαιό),6675.0,13.209872913185716,0.0003866613480130725,-0.00027074261783113427,0.0010166434295385653,0.251,False,
raw,opening,,,,,,,Shin,B365,Kelly 1/4 (σταθερό),8796.0,0.499426134359092,-7.893310265912976e-05,-0.0001690788464225298,3.183149356408787e-05,0.188,False,0.25
raw,opening,,,,,,,Shin,B365,Kelly πλήρες (σταθερό),8796.0,0.02107203381709518,-0.0004388140665242074,-0.000791868732149857,3.089912915527755e-06,0.052,False,1.0
raw,opening,,,,,,,Shin,B365,OCO λ (ONS),8796.0,0.6535148131648029,-4.836176429579828e-05,-9.376198569365845e-05,4.0429132290837795e-06,0.068,False,0.11636197089509374
raw,opening,,,,,,,Shin,B365,OCO λ (OGD),8796.0,0.5268699376472568,-7.285147323028818e-05,-0.000152053447945362,2.1434614880042517e-05,0.146,False,0.21951358756999373
raw,opening,,,,,,,Shin,B365,OCO f (παλαιό),8796.0,0.06762572248868158,-0.00030624907436576526,-0.0006899592103382072,0.00012917880719606013,0.189,False,
calibrated,opening,,,,,,,Shin,B365,Kelly 1/4 (σταθερό),10578.0,0.333073233013536,-0.0001039320187389633,-0.00018981379706913112,-1.0359785932190674e-06,0.049,True,0.25
calibrated,opening,,,,,,,Shin,B365,Kelly πλήρες (σταθερό),10578.0,0.0026346625505799044,-0.000561448304923974,-0.0009055432236241638,-0.00014847771809076477,0.007,True,1.0
calibrated,opening,,,,,,,Shin,B365,OCO λ (ONS),10578.0,0.5978286447535859,-4.8634062519267895e-05,-0.00010777686734043569,8.156856141103625e-06,0.088,False,0.10004466369186399
calibrated,opening,,,,,,,Shin,B365,OCO λ (OGD),10578.0,0.48325618402629034,-6.874724562602462e-05,-0.00013110139311154755,1.9229564636761834e-07,0.051,False,0.16898645982464808
calibrated,opening,,,,,,,Shin,B365,OCO f (παλαιό),10578.0,0.08001011058632966,-0.0002387599045154765,-0.0007610948989215288,0.00023637339622981145,0.295,False,
raw,opening,,,,,,,Shin,BW,Kelly 1/4 (σταθερό),2315.0,1.1601781589668942,6.417865168101199e-05,-0.0001139745238390366,0.00028875674817729457,0.4,False,0.25
raw,opening,,,,,,,Shin,BW,Kelly πλήρες (σταθερό),2315.0,1.2977281484818421,0.00011257674193547499,-0.0005869189771349741,0.0010040560059099237,0.626,False,1.0
raw,opening,,,,,,,Shin,BW,OCO λ (ONS),2315.0,1.059829870716072,2.510081897111037e-05,-0.000326213406607743,0.0004942793079106046,0.674,False,0.32216741102606516
raw,opening,,,,,,,Shin,BW,OCO λ (OGD),2315.0,1.1271467259182593,5.170169251412234e-05,-0.00019883223516021625,0.0003861510856218629,0.559,False,0.3473023774725183
raw,opening,,,,,,,Shin,BW,OCO f (παλαιό),2315.0,0.5606645485243135,-0.0002499492462306916,-0.0008851446831665417,0.00038856490021323175,0.474,False,
calibrated,opening,,,,,,,Shin,BW,Kelly 1/4 (σταθερό),7441.0,1.3252326756695136,3.784276956060267e-05,-6.655052124017955e-05,0.00015185238018926726,0.442,False,0.25
calibrated,opening,,,,,,,Shin,BW,Kelly πλήρες (σταθερό),7441.0,1.050896358235871,6.671613292157156e-06,-0.000410619123072488,0.00045835975427022823,0.949,False,1.0
calibrated,opening,,,,,,,Shin,BW,OCO λ (ONS),7441.0,1.2696060712624184,3.207991832366183e-05,-0.00019025444046557807,0.0002809262979140552,0.709,False,0.46688532092436347
calibrated,opening,,,,,,,Shin,BW,OCO λ (OGD),7441.0,1.125112378873741,1.5842349549750115e-05,-9.758427617159198e-05,0.0001399466447524314,0.75,False,0.2714408341532609
calibrated,opening,,,,,,,Shin,BW,OCO f (παλαιό),7441.0,0.7337405881018865,-4.160727523726303e-05,-0.0005633531735615927,0.0004242243825631047,0.834,False,
raw,opening,,,,,,,Shin,PS,Kelly 1/4 (σταθερό),18357.0,0.3455783896855381,-5.788177664391743e-05,-0.00010794235544389786,-2.755769571954989e-06,0.038,True,0.25
raw,opening,,,,,,,Shin,PS,Kelly πλήρες (σταθερό),18357.0,0.0033409851208949853,-0.00031058939745633326,-0.000508704443070463,-9.400350488317645e-05,0.002,True,1.0
raw,opening,,,,,,,Shin,PS,OCO λ (ONS),18357.0,0.30604512018475394,-6.449979497278937e-05,-0.0001328900034074544,5.914005329060638e-06,0.071,False,0.26802140072397523
raw,opening,,,,,,,Shin,PS,OCO λ (OGD),18357.0,0.6645035332145189,-2.2264808178929926e-05,-4.874760295761094e-05,5.172359171276448e-06,0.115,False,0.11998294006527079
raw,opening,,,,,,,Shin,PS,OCO f (παλαιό),18357.0,0.024330422243388838,-0.00020243110352954617,-0.00030932729836636533,-9.173362346737964e-05,0.001,True,
calibrated,opening,,,,,,,Shin,PS,Kelly 1/4 (σταθερό),24953.0,0.2509507609118065,-5.540410094019348e-05,-0.0001125523081203795,5.321959600940569e-07,0.054,False,0.25
calibrated,opening,,,,,,,Shin,PS,Kelly πλήρες (σταθερό),24953.0,0.00016102584259828612,-0.00035001585752526045,-0.0005797110127727131,-0.0001253666575364081,0.0,True,1.0
calibrated,opening,,,,,,,Shin,PS,OCO λ (ONS),24953.0,0.09156374339030872,-9.58089167704714e-05,-0.00017614241250851287,-1.954227518071842e-05,0.019,True,0.25080413704297466
calibrated,opening,,,,,,,Shin,PS,OCO λ (OGD),24953.0,0.549679442554662,-2.3981886041232104e-05,-4.593350424349901e-05,-1.2461080315853108e-06,0.042,True,0.06577311137292433
calibrated,opening,,,,,,,Shin,PS,OCO f (παλαιό),24953.0,0.10158817531753601,-9.164541879857748e-05,-0.000200152994810936,1.9174852511484694e-05,0.103,False,
raw,opening,,,,,,,Shin,VC_BV,Kelly 1/4 (σταθερό),4268.0,0.933727182282723,-1.60663025957573e-05,-0.00015091645140140672,0.00011837144787517398,0.722,False,0.25
raw,opening,,,,,,,Shin,VC_BV,Kelly πλήρες (σταθερό),4268.0,0.45890797761294955,-0.00018249896286895022,-0.0007056767292630959,0.00033465288527267863,0.417,False,1.0
raw,opening,,,,,,,Shin,VC_BV,OCO λ (ONS),4268.0,0.663991110197482,-9.594342030274813e-05,-0.00022144849203214136,2.4607880414337476e-05,0.097,False,0.2574193256272148
raw,opening,,,,,,,Shin,VC_BV,OCO λ (OGD),4268.0,0.8158733983595351,-4.767949510873609e-05,-0.00022013278383649593,0.00012179161621819462,0.505,False,0.3357673704006498
raw,opening,,,,,,,Shin,VC_BV,OCO f (παλαιό),4268.0,0.1942702236115928,-0.00038390468226264993,-0.0007595610708385147,-2.499002818429628e-05,0.037,True,
calibrated,opening,,,,,,,Shin,VC_BV,Kelly 1/4 (σταθερό),7333.0,0.6396651803726805,-6.09314598649649e-05,-0.00017894040568558153,4.780048126911426e-05,0.265,False,0.25
calibrated,opening,,,,,,,Shin,VC_BV,Kelly πλήρες (σταθερό),7333.0,0.05192951927370551,-0.0004033639545024963,-0.0008775125536419909,2.6597660055393795e-05,0.069,False,1.0
calibrated,opening,,,,,,,Shin,VC_BV,OCO λ (ONS),7333.0,0.40874381056537895,-0.000122005550147691,-0.00023310026543675214,-2.241894637502335e-05,0.018,True,0.16195465244055804
calibrated,opening,,,,,,,Shin,VC_BV,OCO λ (OGD),7333.0,0.7415352254240514,-4.077902807899989e-05,-8.32817837497938e-05,-1.3746127579313396e-06,0.045,True,0.06273104635410862
calibrated,opening,,,,,,,Shin,VC_BV,OCO f (παλαιό),7333.0,0.31497702499343283,-0.0001575420127294814,-0.0003618765498803971,3.5502454212498905e-05,0.119,False,
raw,opening,,,,,,,Shin,WH,Kelly 1/4 (σταθερό),2996.0,1.8480934183237119,0.00020499149632269894,-7.223414293746955e-05,0.0005063699103476639,0.155,False,0.25
raw,opening,,,,,,,Shin,WH,Kelly πλήρες (σταθερό),2996.0,4.140907230839043,0.00047427066145322157,-0.0005899597734174034,0.0016279776465777242,0.396,False,1.0
raw,opening,,,,,,,Shin,WH,OCO λ (ONS),2996.0,2.1701268288201896,0.00025860667967468446,-0.0001859863799627853,0.0007544398378101451,0.237,False,0.2897489882016286
raw,opening,,,,,,,Shin,WH,OCO λ (OGD),2996.0,1.7366190874638197,0.0001842256908771767,-7.045693134761656e-05,0.00046717726275807527,0.156,False,0.22093777634221615
raw,opening,,,,,,,Shin,WH,OCO f (παλαιό),2996.0,0.762724617341385,-9.040662008041636e-05,-0.0005311748282147332,0.00037083487501697485,0.691,False,
calibrated,opening,,,,,,,Shin,WH,Kelly 1/4 (σταθερό),6418.0,1.1598255361462648,2.3102149257271375e-05,-0.0001380757914483409,0.00021293865603618339,0.737,False,0.25
calibrated,opening,,,,,,,Shin,WH,Kelly πλήρες (σταθερό),6418.0,0.29662544606597363,-0.0001893557277069125,-0.0008176742856240171,0.0005472366733058487,0.647,False,1.0
calibrated,opening,,,,,,,Shin,WH,OCO λ (ONS),6418.0,1.3405892924575982,4.566987967947333e-05,-0.00018052672477760403,0.0003102390769415412,0.663,False,0.2428568149438946
calibrated,opening,,,,,,,Shin,WH,OCO λ (OGD),6418.0,1.013024796974636,2.0163140725800912e-06,-9.358411627721608e-05,0.00011541866990267447,0.888,False,0.15101738298259998
calibrated,opening,,,,,,,Shin,WH,OCO f (παλαιό),6418.0,0.510203168524786,-0.00010485295464871454,-0.00032797046757927664,0.00013348867455469925,0.415,False,
raw,opening,,,,,,,Shin,IW,Kelly 1/4 (σταθερό),3579.0,5.601609706908541,0.0004814344800497854,0.00019761901722596917,0.0007396421318708047,0.0,True,0.25
raw,opening,,,,,,,Shin,IW,Kelly πλήρες (σταθερό),3579.0,269.3345552230033,0.0015635524745911612,0.0004627947927064598,0.0025900250595411716,0.005,True,1.0
raw,opening,,,,,,,Shin,IW,OCO λ (ONS),3579.0,64.1231570114039,0.001162560928336132,0.00032241809153347377,0.0019202900714588014,0.005,True,0.7531530079095565
raw,opening,,,,,,,Shin,IW,OCO λ (OGD),3579.0,174.50636497180744,0.0014422914826656623,0.000419881682411888,0.002380972571044191,0.005,True,0.9301455920729705
raw,opening,,,,,,,Shin,IW,OCO f (παλαιό),3579.0,7.85318609632724,0.000575836636377227,-0.0019592392363391472,0.0027416188818163633,0.719,False,
calibrated,opening,,,,,,,Shin,IW,Kelly 1/4 (σταθερό),7179.0,9.844708351327347,0.000318558864411813,0.0001057200765493907,0.0005231525787165861,0.001,True,0.25
calibrated,opening,,,,,,,Shin,IW,Kelly πλήρες (σταθερό),7179.0,274.0474817590431,0.0007819057504480142,-9.481613923572601e-05,0.0015962061507237462,0.074,False,1.0
calibrated,opening,,,,,,,Shin,IW,OCO λ (ONS),7179.0,127.43272307054688,0.0006752456558217032,0.00010476255792462154,0.0012594809710657646,0.03,True,0.7088576651117435
calibrated,opening,,,,,,,Shin,IW,OCO λ (OGD),7179.0,114.96487779129869,0.0006609035619453291,-2.3452800669681114e-05,0.0013010016300541289,0.057,False,0.7847945053758749
calibrated,opening,,,,,,,Shin,IW,OCO f (παλαιό),7179.0,3.890931853943982,0.00018925319405000337,-0.0007372593818615727,0.0010686433746246384,0.733,False,
