algorithm,comparison,n,normalization,block_length,mean_diff,ci_low,ci_high,p_value,significant_95
Hedge,closing vs opening,76494,Shin,42,-0.0034317819738217087,-0.0039827916152391256,-0.0029028575548405103,0.0,True
Hedge,closing vs full,76521,Shin,42,-0.0009249361816921047,-0.0012117587846999258,-0.0006270205512587555,0.0,True
Hedge,opening vs full,76557,Shin,42,0.00250446669638595,0.002079578742883548,0.0028952265234452575,0.0,True
OGD,closing vs opening,76494,Shin,42,-0.0035794385767442295,-0.004133397288097163,-0.003031775840428143,0.0,True
OGD,closing vs full,76521,Shin,42,-0.0004487377808909337,-0.0006369699446253965,-0.00026154100778696726,0.0,True
OGD,opening vs full,76557,Shin,42,0.003130229944873198,0.002666884519176776,0.0035549414540871054,0.0,True
FTRL,closing vs opening,76494,Shin,42,-0.003438575511406314,-0.003986587062655552,-0.0029046446169141297,0.0,True
FTRL,closing vs full,76521,Shin,42,-0.0009383411098669455,-0.0012249616851316358,-0.0006414070610590253,0.0,True
FTRL,opening vs full,76557,Shin,42,0.002497845954508976,0.0020661618050305045,0.0028860835768048667,0.0,True
Uniform average,closing vs opening,76494,Shin,42,-0.0034303492584426562,-0.0039675914502050975,-0.0029082062601728737,0.0,True
Uniform average,closing vs full,76521,Shin,42,-0.001463914274967772,-0.0018110043409406975,-0.001129272358051255,0.0,True
Uniform average,opening vs full,76557,Shin,42,0.001964300481216658,0.0017239054407098076,0.0021913668147764158,0.0,True
