rank,name,type,market,rounds,log_loss,brier,rps,accuracy,single_season
1,PSC,bookmaker,closing,71818,0.9971369672335352,0.5959206904536178,0.2026277022351519,0.5061126737029714,False
2,OGD (closing),algorithm,closing,76521,0.9972182793131178,0.595978650359032,0.2026267013710616,0.5064753466368709,False
3,BFC,bookmaker,closing,7680,0.9973002559768293,0.5959418530326286,0.2025122943461072,0.5102864583333333,True
4,OGD (full),algorithm,full,76584,0.9974539551001697,0.596123707810736,0.20270032808727909,0.5066201817612034,False
5,Uniform average (closing),algorithm,closing,76521,0.9974789569824228,0.5961230416862069,0.20268573678511367,0.5067236444897479,False
6,FTRL (closing),algorithm,closing,76521,0.997611761747286,0.5962113980716888,0.20271999563266346,0.5065798931012402,False
7,Hedge (closing),algorithm,closing,76521,0.9976173042910551,0.5962151079299952,0.20272150003966677,0.5065929614092863,False
8,BFEC,bookmaker,closing,14885,0.9978301264668245,0.5965641949954601,0.2025308499766199,0.5089015787705744,False
9,1XBC,bookmaker,closing,7681,0.9978578525204858,0.5960521154735045,0.2025268970991313,0.5081369613331598,True
10,LB,bookmaker,opening,20972,0.9979668918332332,0.5968211595407686,0.2030321998016862,0.5064371543009727,False
11,LBC,bookmaker,closing,5587,0.9981898592642487,0.5966703398971744,0.2031681210854858,0.5074279577590836,True
12,Hedge (full),algorithm,full,76584,0.9984200651583067,0.5967354127727873,0.20296788283250125,0.5064896061840594,False
13,FTRL (full),algorithm,full,76584,0.99843422992817,0.5967422192031688,0.2029714134506224,0.5065287788572026,False
14,Uniform average (full),algorithm,full,76584,0.9988620247084391,0.5970316102195877,0.20310815675946767,0.5059281312023399,False
15,CLC,bookmaker,closing,5257,0.9990566667212316,0.5973173804160015,0.203229174366363,0.5040897850485068,True
16,B365C,bookmaker,closing,53267,0.9995296149360202,0.5973184472622802,0.2031407318946755,0.5070493926821484,False
17,BMGMC,bookmaker,closing,7508,0.9995536519865382,0.5977623280413816,0.2030301024298135,0.5075919019712307,True
18,VC_BVC,bookmaker,closing,45424,0.9997316215911776,0.5975716816393876,0.2032568439959463,0.5058999647763297,False
19,BWC,bookmaker,closing,49755,0.9999793006977414,0.5976907744278341,0.2031628937133988,0.5062405788362978,False
20,WHC,bookmaker,closing,42366,1.0002379077128456,0.5978732550507895,0.2034903519628181,0.5055469008166926,False
21,BF,bookmaker,opening,7673,1.000393361251945,0.5980932937037566,0.2035379725213981,0.5054085755245666,True
22,VC_BV,bookmaker,opening,68397,1.0007452127448024,0.5983310268695214,0.2037193717437223,0.5035454771408102,False
23,OGD (opening),algorithm,opening,76557,1.0007586473977639,0.5983156284322717,0.20370120647645126,0.5039121177684601,False
24,Uniform average (opening),algorithm,opening,76557,1.0008020579037404,0.5983596433102761,0.20372901249541828,0.5039774285826247,False
25,PS,bookmaker,opening,71284,1.000832092766324,0.598384529717917,0.2037642756234623,0.5030862465630436,False
26,BFDC,bookmaker,closing,7524,1.000851826172016,0.5987418592015791,0.2032573976576573,0.5070441254651781,True
27,IWC,bookmaker,closing,34038,1.0008649933019538,0.5981962796985167,0.2037649720109957,0.5038486397555673,False
28,Hedge (opening),algorithm,opening,76557,1.000877170945847,0.5984155663612979,0.20375187346913975,0.5040166150711235,False
29,FTRL (opening),algorithm,opening,76557,1.0008782402748435,0.598416456575024,0.203751860244925,0.503938242094126,False
30,B365,bookmaker,opening,76438,1.001126818075414,0.5985204211522095,0.2037316181776546,0.5037677594913524,False
31,WH,bookmaker,opening,65470,1.0011850216505769,0.5985955279475398,0.2038715340694905,0.503085382617993,False
32,BW,bookmaker,opening,72752,1.0014007276533892,0.5987325895260149,0.2038141530734787,0.5035462942599516,False
33,IW,bookmaker,opening,57185,1.001864858328838,0.5989860196048415,0.2041248398346709,0.5021421701495148,False
34,BMGM,bookmaker,opening,7309,1.0021002215034838,0.5993759438952702,0.2038122170068866,0.5058147489396634,True
35,1XB,bookmaker,opening,7505,1.0026751476445932,0.5995816495977465,0.2040193483950926,0.5039307128580947,True
36,BFD,bookmaker,opening,7619,1.0027195477450688,0.5999068916829916,0.203903427501354,0.5053156582228638,True
37,CL,bookmaker,opening,5393,1.0043784503823032,0.6009887925219297,0.2044351331318207,0.5002781383274615,True
38,BFE,bookmaker,opening,14763,1.0071574374499874,0.6030948598802891,0.2052580265186798,0.4960373907742328,False
