comparison,n,block_length,mean_diff,ci_low,ci_high,p_value,significant_95,window
OGD vs PSC (raw),34065,32,0.0006526224024174351,0.00036971292672388406,0.0009704546672632906,0.0,True,5yr
OGD vs PSC (calibrated),34065,32,0.00036213249748644726,8.103895799334457e-05,0.0006724857453565897,0.014,True,5yr
OGD vs Hedge (raw),38749,34,-0.0013317694330568558,-0.0016563859961577553,-0.0010169629889007173,0.0,True,5yr
OGD vs Uniform average (raw),38749,34,-0.0012127034476028037,-0.00151381366252889,-0.0009208565232610221,0.0,True,5yr
Hedge vs Uniform average (raw),38749,34,0.00011906598545405222,3.6400046306461294e-05,0.00019436575409960847,0.006,True,5yr
OGD vs PSC (raw),71818,42,0.0006503310948641488,0.0004395268382867099,0.0008579288089366589,0.0,True,10yr
OGD vs PSC (calibrated),71818,42,0.00042768686847407953,0.00019721559907198477,0.000642256364994798,0.0,True,10yr
OGD vs Hedge (raw),76584,42,-0.0009661100581370892,-0.0011840405406562762,-0.0007533433120860355,0.0,True,10yr
OGD vs Uniform average (raw),76584,42,-0.0014080696082694319,-0.0016722649205743515,-0.0011503064428725921,0.0,True,10yr
Hedge vs Uniform average (raw),76584,42,-0.00044195955013234274,-0.0006199559920945439,-0.00025961792394680396,0.0,True,10yr
