bookmaker,phase,training_panel,stage,active_rounds,n_bets,bet_rate_pct,final_bankroll,mean_log_growth_per_bet,ci_low,ci_high,p_value,significant_95
B365,opening,ταιριασμένο,raw,38687,5183,13.39726523121462,0.6803871142909045,-7.429931643289761e-05,-0.00023373878953076506,4.9499856356275003e-05,0.216,False
B365,opening,ταιριασμένο,calibrated,38687,4493,11.613720371184119,0.615585433427839,-0.00010798609830743319,-0.0002810565489541399,5.055580771508897e-05,0.178,False
B365C,closing,ταιριασμένο,raw,38748,4621,11.92577681428719,0.8749014750169358,-2.892101253949721e-05,-0.00018359272491455674,0.0001530013678262216,0.733,False
B365C,closing,ταιριασμένο,calibrated,38748,5537,14.289769794570041,0.778068164829179,-4.532077716815666e-05,-0.0002104520139522434,0.00014473663473898727,0.65,False
B365C,closing,πλήρες panel,raw,38748,6305,16.271807577165273,0.2231635101476195,-0.0002378827195625397,-0.0003976012770098094,-5.572920789487095e-05,0.015,True
B365C,closing,πλήρες panel,calibrated,38748,7362,18.99969030659647,0.32588731640467844,-0.00015229606256021963,-0.0003212304055705004,1.8381052040534763e-05,0.088,False
BW,opening,ταιριασμένο,raw,35468,1108,3.1239427089207172,0.8501629825415118,-0.0001465046964908452,-0.0004058220645595962,0.0001988754423188456,0.44,False
BW,opening,ταιριασμένο,calibrated,35468,4546,12.81718732378482,1.1964641907679348,3.945681909388082e-05,-0.00010866396137446956,0.00018879512969340807,0.645,False
BWC,closing,ταιριασμένο,raw,35624,1377,3.8653716595553558,2.0538362834870156,0.0005226647800583027,6.30920262930622e-05,0.0009897100369277954,0.019,True
BWC,closing,ταιριασμένο,calibrated,35624,5751,16.14361104873119,2.6508711591978416,0.00016951631460530983,-1.7901770191116154e-07,0.000356933105591101,0.051,False
BWC,closing,πλήρες panel,raw,35624,2307,6.475971255333483,1.0230787343956937,9.89009459322231e-06,-0.00030130082938985693,0.00036506469222774514,0.931,False
BWC,closing,πλήρες panel,calibrated,35624,6674,18.734560970132495,1.2274999665025106,3.07131485462005e-05,-0.00013294840725463833,0.0002046852284721759,0.698,False
IW,opening,ταιριασμένο,raw,19502,562,2.8817557173623216,1.0875447428634317,0.00014932851600940088,-0.00027867107918030953,0.000711971819947905,0.522,False
IW,opening,ταιριασμένο,calibrated,19502,4645,23.818069941544458,1.4990549263210649,8.715497533358852e-05,-9.765325623560756e-05,0.00027116188783430983,0.335,False
IWC,closing,ταιριασμένο,raw,19515,1332,6.825518831667948,2.6725983178541166,0.000738026390360618,0.0002458514871911487,0.0012158313950422716,0.002,True
IWC,closing,ταιριασμένο,calibrated,19515,5092,26.0927491673072,8.505337864192667,0.0004204033681106599,0.00015858605959331916,0.0006793923414412323,0.0,True
IWC,closing,πλήρες panel,raw,19515,1981,10.151165769920574,1.384691086913336,0.0001642993805259548,-0.00019866931418261377,0.0005624356325858266,0.421,False
IWC,closing,πλήρες panel,calibrated,19515,5947,30.473994363310275,5.776005428985901,0.00029489025416369033,5.777486753993953e-05,0.0005393764086045099,0.01,True
PS,opening,ταιριασμένο,raw,33981,13103,38.55978340837527,0.09545361911837327,-0.0001792806848164697,-0.00025827160705157624,-9.362354462010969e-05,0.0,True
PS,opening,ταιριασμένο,calibrated,33981,12643,37.2060857538036,0.2082567305424009,-0.00012409900173424905,-0.0002207852222044107,-3.409205748030598e-05,0.011,True
PSC,closing,ταιριασμένο,raw,34065,14512,42.6009100249523,0.15080616947765316,-0.00013035831812221744,-0.0002198012777032131,-4.3206194195129953e-05,0.004,True
PSC,closing,ταιριασμένο,calibrated,34065,15306,44.931748128577716,0.6126591543846467,-3.201009580710357e-05,-0.00012138429174753537,6.164683795918349e-05,0.499,False
PSC,closing,πλήρες panel,raw,34065,17953,52.70218699544988,0.049917845842909106,-0.00016695687116567438,-0.0002636250113272215,-6.859341888927744e-05,0.0,True
PSC,closing,πλήρες panel,calibrated,34065,18526,54.384265375018344,0.21303047810164777,-8.346756093220146e-05,-0.00019481927134187415,2.260023596715282e-05,0.134,False
VC_BV,opening,ταιριασμένο,raw,30644,2408,7.857981986685811,0.46501119156852755,-0.000317979155230523,-0.0004888667719113238,-0.0001409058881137704,0.0,True
VC_BV,opening,ταιριασμένο,calibrated,30644,1503,4.904712178566767,0.83649640730692,-0.00011878446671691034,-0.00041244189275413954,0.00016747222320453187,0.418,False
VC_BVC,closing,ταιριασμένο,raw,30882,3094,10.018781167022862,1.0479857325524637,1.5148665749683165e-05,-0.00018584751922102736,0.00023180116873946542,0.901,False
VC_BVC,closing,ταιριασμένο,calibrated,30882,3283,10.63078816138851,1.0843098979018422,2.4655420601215776e-05,-0.00021573325042453987,0.0002590931566916644,0.905,False
VC_BVC,closing,πλήρες panel,raw,30882,4523,14.646072145586425,0.22558648120038835,-0.0003292177061487674,-0.0005174754810815619,-0.00011875249109499986,0.001,True
VC_BVC,closing,πλήρες panel,calibrated,30882,4722,15.290460462405285,0.3450519559543338,-0.00022534101573915366,-0.00041581149763410984,-2.9473667380416054e-05,0.02,True
WH,opening,ταιριασμένο,raw,27864,2023,7.2602641401091015,1.405772566325934,0.00016835740036288865,-0.0001993336222132347,0.0005616701585889695,0.359,False
WH,opening,ταιριασμένο,calibrated,27864,2817,10.109819121447028,1.647419548848525,0.00017721340217972823,-0.0001168754438569847,0.0005195521131215393,0.256,False
WHC,closing,ταιριασμένο,raw,27952,4327,15.480108757870635,17.070116042201736,0.0006557266777913711,0.0002600514563149148,0.0010119330199863667,0.001,True
WHC,closing,ταιριασμένο,calibrated,27952,5517,19.737406983400113,33.67503412452853,0.0006374400463376737,0.0002855431339427154,0.000964212172140564,0.0,True
WHC,closing,πλήρες panel,raw,27952,4352,15.569547796222095,4.7663792198510935,0.0003588205292398144,4.438094758487141e-05,0.0006387941725592047,0.029,True
WHC,closing,πλήρες panel,calibrated,27952,5471,19.572839152833428,8.562599558234202,0.00039250664060679513,7.867145872699966e-05,0.0006961066916518788,0.018,True
