name,type,normalization,coverage_pct,best_lr_scale,raw_log_loss,calibrated_log_loss,raw_brier,calibrated_brier,raw_rps,calibrated_rps,raw_accuracy,calibrated_accuracy
PSC,bookmaker,Basic,93.77676799331454,0.05,0.9971369672335351,0.9968478914600825,0.5959206904536178,0.5957731333149351,0.20262770223515192,0.2025571777308688,0.5061126737029714,0.5061126737029714
OGD,algorithm,Basic,100.0,0.15,0.9974539551001697,0.9969256945530529,0.596123707810736,0.5958550817294521,0.20270032808727909,0.20256537796274152,0.5066201817612034,0.5066201817612034
Hedge,algorithm,Basic,100.0,0.15,0.9984200651583067,0.9977291731904332,0.5967354127727873,0.596371334387314,0.20296788283250125,0.2027843097328642,0.5064896061840594,0.5064896061840594
FTRL,algorithm,Basic,100.0,0.15,0.99843422992817,0.9977398268439737,0.5967422192031688,0.5963757108442704,0.2029714134506224,0.20278667037240056,0.5065287788572026,0.5065287788572026
Uniform average,algorithm,Basic,100.0,0.15,0.9988620247084391,0.9981319834017126,0.5970316102195877,0.5966460053359494,0.20310815675946767,0.20291292287271348,0.5059281312023399,0.5059281312023399
VC_BV,bookmaker,Basic,89.30977749921655,0.15,1.0007452127448024,1.0002566260253742,0.5983310268695214,0.5980644344575721,0.20371937174372237,0.20358689288144427,0.5035454771408102,0.5035454771408102
WH,bookmaker,Basic,85.48783035621017,0.15,1.0011850216505769,1.000475799014882,0.5985955279475398,0.5981843961832023,0.20387153406949057,0.20367843664115548,0.503085382617993,0.503085382617993
PS,bookmaker,Basic,93.07949441136529,0.05,1.000832092766324,1.0005475942386128,0.598384529717917,0.5982423410797796,0.20376427562346233,0.20369206931051245,0.5030862465630436,0.5030862465630436
IW,bookmaker,Basic,74.66964378982554,0.15,1.001864858328838,1.000610129643094,0.5989860196048415,0.5982554697315765,0.20412483983467097,0.20378768910427936,0.5021421701495148,0.5021421701495148
BW,bookmaker,Basic,94.99634388383996,0.15,1.0014007276533892,1.000652294300174,0.5987325895260149,0.5983346400497119,0.2038141530734787,0.2035980120140586,0.5035462942599516,0.5035462942599516
B365,bookmaker,Basic,99.80935965736968,0.15,1.001126818075414,1.0007259373355237,0.5985204211522095,0.598319276899393,0.20373161817765467,0.20362240152876177,0.5037677594913524,0.5037677594913524
PSC,bookmaker,Shin,93.77676799331454,0.05,0.9968947612739512,0.9968304995891752,0.5957985595455818,0.595773357932774,0.20257225925434705,0.20255718742171858,0.5061126737029714,0.5061126737029714
OGD,algorithm,Shin,100.0,0.15,0.9970923929728813,0.9969531207414611,0.5959466567308452,0.5958912483125299,0.20261536528847876,0.20257898282712003,0.5068160451269195,0.5068160451269195
Hedge,algorithm,Shin,100.0,0.15,0.9978146267694449,0.9976790675573333,0.5964139455334481,0.5963603837973646,0.20281815749476478,0.2027806254561532,0.5064504335109161,0.5064504335109161
FTRL,algorithm,Shin,100.0,0.15,0.9978223029442768,0.9976869304022016,0.5964170080911552,0.5963635048928912,0.20281990046102932,0.20278237712618244,0.5064634910686305,0.5064634910686305
Uniform average,algorithm,Shin,100.0,0.15,0.9982416214538784,0.9980745616447708,0.5967000176368502,0.5966299321680941,0.20295397994353054,0.2029072476447563,0.5059803614331976,0.5059803614331976
VC_BV,bookmaker,Shin,89.30977749921655,0.15,1.0002290087743508,1.000198658197649,0.5980528630904742,0.5980469111060892,0.2035903092688624,0.20357916189115188,0.5035454771408102,0.5035454771408102
WH,bookmaker,Shin,85.48783035621017,0.15,1.000556147361741,1.0004315601222793,0.5982357256965766,0.598165401498818,0.20371004478024266,0.2036705893280759,0.503085382617993,0.503085382617993
PS,bookmaker,Shin,93.07949441136529,0.05,1.000571042712947,1.000521149650105,0.5982501841198075,0.5982364214980721,0.20370209318860744,0.20368983114221773,0.5030862465630436,0.5030862465630436
IW,bookmaker,Shin,74.66964378982554,0.05,1.0009196549867028,1.0005521129311727,0.5984316282768247,0.5982231198010388,0.203878543079151,0.20378112487752215,0.5021421701495148,0.5021421701495148
BW,bookmaker,Shin,94.99634388383996,0.15,1.000733705923999,1.0005897093680445,0.5983668929447595,0.5983137421939685,0.20363818476828,0.20359017738302831,0.5035462942599516,0.5035462942599516
B365,bookmaker,Shin,99.80935965736968,0.15,1.0006917126610706,1.0006699297747184,0.5982878277892064,0.5982935838927749,0.20361779777684735,0.20360958568863824,0.5037677594913524,0.5037677594913524
