normalization,bookmaker,stage,mean_final_f,n,block_length,mean_diff,ci_low,ci_high,p_value,significant_95
Basic,PSC,raw,0.002817590704466186,20580,27,-0.00015810316103983765,-0.00031360437067837546,-3.8109964991098196e-05,0.01,True
Basic,PSC,calibrated,0.002880473062462087,19497,27,-0.00013511401505529982,-0.0002441676210462381,-2.184749650742115e-05,0.018,True
Basic,B365C,raw,0.008733619500411877,7941,20,-0.0003430586863446028,-0.0008544340411982738,0.000186250136410765,0.198,False
Basic,B365C,calibrated,0.010029909234884496,7643,20,-0.00024340312204538346,-0.0006347157739288868,0.00018650799501745117,0.253,False
Basic,BWC,raw,0.010781090771682145,3134,15,-0.0009563896785233202,-0.0017814048024245817,-0.0003040362124689741,0.009,True
Basic,BWC,calibrated,0.011902829734684692,6920,19,-0.0003586884960835783,-0.0007389354330655031,2.033324623176036e-05,0.067,False
Basic,VC_BVC,raw,0.005749978562563044,5142,17,-0.0005280515848722307,-0.0009815350356460171,-3.168413640628569e-05,0.04,True
Basic,VC_BVC,calibrated,0.007906861942055594,4561,17,-0.0004128294504750432,-0.0012227241222804298,0.00039508628277170645,0.297,False
Basic,WHC,raw,0.008509741151435806,6633,19,-0.0010158863122638182,-0.00159428711257117,-0.0004165397623754615,0.001,True
Basic,WHC,calibrated,0.024423239863019513,7253,19,-0.00016579118524255647,-0.0008257070376838684,0.000456270083916572,0.554,False
Shin,PSC,raw,0.005142280824320327,13136,24,-0.0002783848241946546,-0.0005101413934971157,-5.555140840358819e-05,0.018,True
Shin,PSC,calibrated,0.0029411068235657405,18398,26,-0.00015423143769406752,-0.00028407413546631725,-2.0710347106291246e-05,0.028,True
Shin,B365C,raw,0.011599425385997297,5198,17,-0.0004909227391790061,-0.0011271520419461705,8.562240467053493e-05,0.098,False
Shin,B365C,calibrated,0.011755809140822806,7374,19,-0.0002946294198858027,-0.0007498614869445508,0.00013829438765918962,0.192,False
Shin,BWC,raw,0.012791166515053097,2535,14,-0.000998199672467588,-0.0019438808352560855,-0.00011861956340067496,0.03,True
Shin,BWC,calibrated,0.014618570692284456,6511,19,-0.0002691503282878097,-0.0006473752772490323,0.00012374711319865515,0.16,False
Shin,VC_BVC,raw,0.005233769751953438,2900,14,-0.0007882739748312673,-0.0012222458551830065,-0.0003553861202034744,0.0,True
Shin,VC_BVC,calibrated,0.007127863714072297,4097,16,-0.00046130212360120026,-0.0010496445694040085,0.00017166514374283504,0.154,False
Shin,WHC,raw,0.02202806146393714,4980,17,-1.4989163388093653e-05,-0.0008603986851716914,0.0008027769943534424,0.98,False
Shin,WHC,calibrated,0.020469419057445044,6675,19,-0.00026096838322488107,-0.0008083114095090063,0.000274788752478621,0.332,False
