anchor,phase,bookmaker,comparison,n_rounds,verdict,n,block_length,mean_diff,ci_low,ci_high,p_value,significant_95
PSC,closing,B365C,anchor calibrated vs OGD calibrated,48566,tie (not significant),48566,36,7.070963623807555e-06,-8.574615727939436e-06,2.2143646943624643e-05,0.37,False
PSC,closing,B365C,anchor raw vs OGD raw,48566,anchor raw better,48566,36,1.7969957494473147e-05,2.585621507170259e-06,3.352333942876182e-05,0.023,True
PSC,closing,B365C,anchor calibrated vs anchor raw,48566,tie (not significant),48566,36,-3.503526092664554e-06,-1.7584227680976587e-05,9.858663571620886e-06,0.576,False
PSC,closing,B365C,OGD calibrated vs OGD raw,48566,tie (not significant),48566,36,7.395467778001039e-06,-9.81317984590124e-06,2.4492484601033108e-05,0.403,False
PSC,closing,BWC,anchor calibrated vs OGD calibrated,45062,tie (not significant),45062,36,8.856627910094011e-06,-6.195148667948891e-06,2.41372749647496e-05,0.24,False
PSC,closing,BWC,anchor raw vs OGD raw,45062,tie (not significant),45062,36,1.230920586100616e-05,-8.005407795893615e-07,2.5563694761443877e-05,0.068,False
PSC,closing,BWC,anchor calibrated vs anchor raw,45062,tie (not significant),45062,36,5.242540747005664e-06,-9.550407201646452e-06,1.880800224855065e-05,0.5,False
PSC,closing,BWC,OGD calibrated vs OGD raw,45062,tie (not significant),45062,36,8.695118697917813e-06,-6.632028455528797e-06,2.302869242605309e-05,0.279,False
PSC,closing,VC_BVC,anchor calibrated vs OGD calibrated,40872,tie (not significant),40872,34,1.6481265882476616e-05,-8.588982793466236e-07,3.361981620233973e-05,0.058,False
PSC,closing,VC_BVC,anchor raw vs OGD raw,40872,anchor raw better,40872,34,1.9570845532727466e-05,3.5409176750752306e-06,3.653784564172463e-05,0.016,True
PSC,closing,VC_BVC,anchor calibrated vs anchor raw,40872,tie (not significant),40872,34,7.640132568052535e-06,-6.93056066592511e-06,2.1384657056337094e-05,0.315,False
PSC,closing,VC_BVC,OGD calibrated vs OGD raw,40872,tie (not significant),40872,34,1.0729712218303385e-05,-6.858349354330269e-06,2.6852660327670052e-05,0.233,False
PSC,closing,WHC,anchor calibrated vs OGD calibrated,42348,anchor calibrated better,42348,35,1.9245968207183003e-05,2.000993432817439e-06,3.8496369817996314e-05,0.033,True
PSC,closing,WHC,anchor raw vs OGD raw,42348,anchor raw better,42348,35,1.9865745509891132e-05,1.3527384029324778e-06,3.8706242502937766e-05,0.036,True
PSC,closing,WHC,anchor calibrated vs anchor raw,42348,tie (not significant),42348,35,1.4999082698487042e-05,-2.1802089752123625e-06,3.1602659398038735e-05,0.087,False
PSC,closing,WHC,OGD calibrated vs OGD raw,42348,tie (not significant),42348,35,1.5618860001195175e-05,-4.793339952613197e-06,3.636270236690518e-05,0.117,False
PSC,closing,IWC,anchor calibrated vs OGD calibrated,34022,tie (not significant),34022,32,5.368170388618227e-06,-9.959207425591708e-06,2.079435959896993e-05,0.463,False
PSC,closing,IWC,anchor raw vs OGD raw,34022,tie (not significant),34022,32,7.075178070715833e-06,-4.006690477567399e-06,1.7613026463111825e-05,0.235,False
PSC,closing,IWC,anchor calibrated vs anchor raw,34022,anchor calibrated better,34022,32,2.9744228566574544e-05,4.406888058638048e-06,5.350045182930339e-05,0.014,True
PSC,closing,IWC,OGD calibrated vs OGD raw,34022,OGD calibrated better,34022,32,3.1451236248672136e-05,6.978113547589313e-06,5.4370287274608e-05,0.011,True
PSC,closing,BFEC,anchor calibrated vs OGD calibrated,10642,tie (not significant),10642,22,-3.1100540388713876e-05,-0.0001280035208206202,7.612710478998622e-05,0.593,False
PSC,closing,BFEC,anchor raw vs OGD raw,10642,tie (not significant),10642,22,9.149831286708035e-06,-5.7187796422448315e-05,7.586464764615551e-05,0.816,False
PSC,closing,BFEC,anchor calibrated vs anchor raw,10642,tie (not significant),10642,22,-2.4061604338836634e-07,-3.8753417261021775e-05,3.892598867772792e-05,0.969,False
PSC,closing,BFEC,OGD calibrated vs OGD raw,10642,tie (not significant),10642,22,4.000975563203356e-05,-8.67715269150509e-05,0.00015451298765411755,0.582,False
VC_BV,opening,B365,anchor calibrated vs OGD calibrated,68303,tie (not significant),68303,41,-2.2380396681326935e-06,-1.4537913408497638e-05,1.0285942257076864e-05,0.732,False
VC_BV,opening,B365,anchor raw vs OGD raw,68303,tie (not significant),68303,41,-3.3019245061182054e-06,-1.7487338760863478e-05,1.1068150916124386e-05,0.665,False
VC_BV,opening,B365,anchor calibrated vs anchor raw,68303,tie (not significant),68303,41,8.880322598590637e-06,-6.648936751681376e-06,2.3855896772100884e-05,0.274,False
VC_BV,opening,B365,OGD calibrated vs OGD raw,68303,tie (not significant),68303,41,7.816437760605125e-06,-9.455726824436174e-06,2.3363701308956596e-05,0.386,False
VC_BV,opening,BW,anchor calibrated vs OGD calibrated,67456,tie (not significant),67456,41,-2.587899043758791e-07,-1.1358892234247436e-05,1.0483206427886592e-05,0.984,False
VC_BV,opening,BW,anchor raw vs OGD raw,67456,tie (not significant),67456,41,-1.8530937571924798e-06,-1.1493558299935247e-05,7.536551176677248e-06,0.726,False
VC_BV,opening,BW,anchor calibrated vs anchor raw,67456,tie (not significant),67456,41,8.950911890060416e-06,-4.127683250297249e-06,2.2466346662014146e-05,0.192,False
VC_BV,opening,BW,OGD calibrated vs OGD raw,67456,tie (not significant),67456,41,7.356608037243818e-06,-4.290107100831909e-06,1.863738987291558e-05,0.223,False
VC_BV,opening,PS,anchor calibrated vs OGD calibrated,63361,tie (not significant),63361,40,1.62784139558951e-05,-4.775943946813329e-06,3.867248158869781e-05,0.121,False
VC_BV,opening,PS,anchor raw vs OGD raw,63361,tie (not significant),63361,40,8.42680660982117e-06,-1.4707391936028117e-05,3.3827571044855404e-05,0.453,False
VC_BV,opening,PS,anchor calibrated vs anchor raw,63361,anchor calibrated better,63361,40,3.467608180642328e-05,1.4038168283082532e-05,5.481749579517583e-05,0.001,True
VC_BV,opening,PS,OGD calibrated vs OGD raw,63361,tie (not significant),63361,40,2.682447446034936e-05,-3.894329944022749e-06,5.5598024849767845e-05,0.09,False
VC_BV,opening,WH,anchor calibrated vs OGD calibrated,59470,tie (not significant),59470,39,6.816202797798104e-06,-6.30426425608689e-06,2.007255385602754e-05,0.314,False
VC_BV,opening,WH,anchor raw vs OGD raw,59470,tie (not significant),59470,39,5.340778775840452e-06,-5.228801658525867e-06,1.5402117208743392e-05,0.326,False
VC_BV,opening,WH,anchor calibrated vs anchor raw,59470,tie (not significant),59470,39,5.561931654808279e-06,-7.040543862371814e-06,1.765962001723519e-05,0.365,False
VC_BV,opening,WH,OGD calibrated vs OGD raw,59470,tie (not significant),59470,39,4.08650763285063e-06,-1.3172116913509735e-05,2.1229640727842442e-05,0.687,False
VC_BV,opening,IW,anchor calibrated vs OGD calibrated,56958,tie (not significant),56958,38,1.107300101035309e-05,-2.1306794651818234e-06,2.438527297694651e-05,0.098,False
VC_BV,opening,IW,anchor raw vs OGD raw,56958,tie (not significant),56958,38,7.750715412770542e-06,-2.0740652499080043e-06,1.726317172370558e-05,0.123,False
VC_BV,opening,IW,anchor calibrated vs anchor raw,56958,tie (not significant),56958,38,1.5800830020089207e-05,-1.52110738436117e-07,3.264968750360964e-05,0.054,False
VC_BV,opening,IW,OGD calibrated vs OGD raw,56958,tie (not significant),56958,38,1.2478544422506657e-05,-8.76058729674722e-06,3.3381189899365924e-05,0.237,False
VC_BV,opening,LB,anchor calibrated vs OGD calibrated,20844,tie (not significant),20844,28,1.3681177544368882e-05,-6.253202678981065e-06,3.401069746160929e-05,0.177,False
VC_BV,opening,LB,anchor raw vs OGD raw,20844,tie (not significant),20844,28,4.313827520199265e-06,-1.4241771562358706e-05,2.1681886592983634e-05,0.604,False
VC_BV,opening,LB,anchor calibrated vs anchor raw,20844,anchor calibrated better,20844,28,2.0057197838199624e-05,2.129206851285751e-06,3.6462037363976094e-05,0.026,True
VC_BV,opening,LB,OGD calibrated vs OGD raw,20844,tie (not significant),20844,28,1.0689847814029997e-05,-1.4764008075019817e-05,3.480688045508636e-05,0.415,False
VC_BV,opening,BFE,anchor calibrated vs OGD calibrated,6946,tie (not significant),6946,19,-6.937731296284437e-05,-0.0001494516159319166,1.2005325610311362e-05,0.089,False
VC_BV,opening,BFE,anchor raw vs OGD raw,6946,tie (not significant),6946,19,4.557476673541425e-05,-3.886055680491465e-05,0.00013366859345653102,0.298,False
VC_BV,opening,BFE,anchor calibrated vs anchor raw,6946,tie (not significant),6946,19,6.479739732024112e-05,-3.869314051298655e-06,0.00013044150311102164,0.061,False
VC_BV,opening,BFE,OGD calibrated vs OGD raw,6946,OGD calibrated better,6946,19,0.00017974947701849972,7.265337835798006e-05,0.0002781160982965507,0.0,True
