series,comparison,n,block_length,mean_diff,ci_low,ci_high,p_value,significant_95
Hedge,per-season vs raw,76584,42,-0.0005603649692576471,-0.0008148627968013962,-0.00030166479080048173,0.0,True
Hedge,per-season vs global,76584,42,0.00013052699861577398,-2.948539826430707e-05,0.00030628174008401923,0.108,False
OGD,per-season vs raw,76584,42,-0.000405282719340739,-0.0006369588910542203,-0.00017112768877148958,0.001,True
OGD,per-season vs global,76584,42,0.00012297782777602435,-4.763292057308989e-05,0.00029951024193986166,0.158,False
FTRL,per-season vs raw,76584,42,-0.0005644475635329197,-0.0008209606025674736,-0.0003044829688497161,0.0,True
FTRL,per-season vs global,76584,42,0.0001299555206632642,-2.9773348199179052e-05,0.00030543025026570755,0.109,False
Uniform average,per-season vs raw,76584,42,-0.0005915851322058254,-0.0008660675191509143,-0.00031530543478358955,0.0,True
Uniform average,per-season vs global,76584,42,0.0001384561745204937,-4.016874478938569e-05,0.000324744694223021,0.137,False
B365,per-season vs raw,76438,42,-0.00030812519374845903,-0.0005368183940564164,-7.339091941386037e-05,0.007,True
B365,per-season vs global,76438,42,9.275554614203615e-05,-8.347219732889577e-05,0.00025752556852795956,0.283,False
BW,per-season vs raw,72752,42,-0.0006110855666525568,-0.000911928659368121,-0.0003101891339936974,0.0,True
BW,per-season vs global,72752,42,0.00013734778656243358,-5.40908071530811e-05,0.0003237603307954175,0.149,False
IW,per-season vs raw,57185,39,-0.0010956571072831833,-0.0014981065469747306,-0.000688962356500013,0.0,True
IW,per-season vs global,57185,39,0.00015907157846073463,-5.8651029089310155e-05,0.0003855765113237457,0.146,False
PS,per-season vs raw,71284,41,-0.00017198309466474112,-0.00038625927755278194,4.8710380923342876e-05,0.14,False
PS,per-season vs global,71284,41,0.00011251543304649198,-8.66146523121781e-05,0.0003031990251959823,0.246,False
PSC,per-season vs raw,71818,42,-0.00015866789058160142,-0.00033321350900995713,1.4960430140197175e-05,0.082,False
PSC,per-season vs global,71818,42,0.0001304078828709811,-2.643793558823214e-05,0.00027635402021133866,0.108,False
VC_BV,per-season vs raw,68397,41,-0.0003945611955475893,-0.0006574690441923096,-0.00013363057178332054,0.0,True
VC_BV,per-season vs global,68397,41,9.402552388055746e-05,-8.878972027500813e-05,0.00027750823449893946,0.305,False
WH,per-season vs raw,65470,40,-0.0006114526401711143,-0.0009464514959004112,-0.00026009129364267214,0.0,True
WH,per-season vs global,65470,40,9.776999552382705e-05,-0.0001117998843295015,0.00033123901075245827,0.373,False
