name,rounds,raw_log_loss,global_cal_log_loss,per_season_cal_log_loss,warmstart_cal_log_loss
PSC,71818,0.9971369672335351,0.9968478914600825,0.9969782993429537,0.9969168325072422
OGD,76584,0.9974539551001697,0.9969256945530529,0.9970486723808288,0.9969727058791947
Hedge,76584,0.9984200651583067,0.9977291731904332,0.997859700189049,0.9977624705612569
FTRL,76584,0.99843422992817,0.9977398268439737,0.997869782364637,0.9977728183259708
Uniform average,76584,0.9988620247084391,0.9981319834017126,0.9982704395762331,0.9981706640859161
B365C,53267,0.9995296149360203,0.9990974213775133,0.9991993430697066,0.9991339853837411
BWC,49755,0.9999793006977414,0.9991873696529696,0.9993292895177054,0.99923948713941
VC_BV,68397,1.0007452127448024,1.0002566260253742,1.0003506515492548,1.00031213957947
WH,65470,1.0011850216505769,1.000475799014882,1.000573569010406,1.000510377302067
PS,71284,1.000832092766324,1.0005475942386128,1.0006601096716594,1.0006111740466712
IW,57185,1.001864858328838,1.000610129643094,1.0007692012215548,1.000646228097814
BW,72752,1.001400727653389,1.000652294300174,1.0007896420867364,1.0006927148258793
B365,76438,1.0011268180754143,1.0007259373355237,1.0008186928816658,1.0007646602621942
