name,type,coverage_pct,rounds,best_lr_scale,raw_log_loss,calibrated_log_loss,raw_brier,calibrated_brier,raw_rps,calibrated_rps,raw_accuracy,calibrated_accuracy
PSC,bookmaker,93.77676799331454,71818,0.05,0.9971369672335351,0.9968478914600825,0.5959206904536178,0.5957731333149351,0.20262770223515192,0.2025571777308688,0.5061126737029714,0.5061126737029714
OGD,algorithm,100.0,76584,0.15,0.9974539551001697,0.9969256945530529,0.596123707810736,0.5958550817294521,0.20270032808727909,0.20256537796274152,0.5066201817612034,0.5066201817612034
Hedge,algorithm,100.0,76584,0.15,0.9984200651583067,0.9977291731904332,0.5967354127727873,0.596371334387314,0.20296788283250125,0.2027843097328642,0.5064896061840594,0.5064896061840594
FTRL,algorithm,100.0,76584,0.15,0.99843422992817,0.9977398268439737,0.5967422192031688,0.5963757108442704,0.2029714134506224,0.20278667037240056,0.5065287788572026,0.5065287788572026
Uniform average,algorithm,100.0,76584,0.15,0.9988620247084391,0.9981319834017126,0.5970316102195877,0.5966460053359494,0.20310815675946767,0.20291292287271348,0.5059281312023399,0.5059281312023399
VC_BV,bookmaker,89.30977749921655,68397,0.15,1.0007452127448024,1.0002566260253742,0.5983310268695214,0.5980644344575721,0.20371937174372237,0.20358689288144427,0.5035454771408102,0.5035454771408102
WH,bookmaker,85.48783035621017,65470,0.15,1.0011850216505769,1.000475799014882,0.5985955279475398,0.5981843961832023,0.20387153406949057,0.20367843664115548,0.503085382617993,0.503085382617993
PS,bookmaker,93.07949441136529,71284,0.05,1.000832092766324,1.0005475942386128,0.598384529717917,0.5982423410797796,0.20376427562346233,0.20369206931051245,0.5030862465630436,0.5030862465630436
IW,bookmaker,74.66964378982554,57185,0.15,1.001864858328838,1.000610129643094,0.5989860196048415,0.5982554697315765,0.20412483983467097,0.20378768910427936,0.5021421701495148,0.5021421701495148
BW,bookmaker,94.99634388383996,72752,0.15,1.0014007276533892,1.000652294300174,0.5987325895260149,0.5983346400497119,0.2038141530734787,0.2035980120140586,0.5035462942599516,0.5035462942599516
B365,bookmaker,99.80935965736968,76438,0.15,1.001126818075414,1.0007259373355237,0.5985204211522095,0.598319276899393,0.20373161817765467,0.20362240152876177,0.5037677594913524,0.5037677594913524
