stratifier,stratum,n,comparison,block_length,mean_diff,ci_low,ci_high,p_value,significant_95
line movement,0,10650,closing vs opening,22,-0.00043862587719557735,-0.0008381265145754027,7.329139135866659e-07,0.052,False
line movement,1,10649,closing vs opening,22,-0.0007151847052722666,-0.0014039499246784055,-1.7011220884083668e-06,0.05,True
line movement,2,10649,closing vs opening,22,-0.0019983758222999366,-0.0029643583818511465,-0.0009499627428203828,0.0,True
line movement,3,10649,closing vs opening,22,-0.0045231329698202085,-0.005961588580599623,-0.0030081784286504266,0.0,True
line movement,4,10649,closing vs opening,22,-0.011580655344973446,-0.01402867580481051,-0.00908906883008855,0.0,True
Shin z anomaly,0,15315,closing vs opening,25,-0.0029549911156891017,-0.003972735147382784,-0.0018664785691465972,0.0,True
Shin z anomaly,1,15311,closing vs opening,25,-0.003710124478066865,-0.00485559959458046,-0.002499292536057334,0.0,True
Shin z anomaly,2,15313,closing vs opening,25,-0.0028079168643653707,-0.004008619033929414,-0.0016871272540364822,0.0,True
Shin z anomaly,3,15303,closing vs opening,25,-0.0043991078356814565,-0.00561691124587339,-0.003136096318343376,0.0,True
Shin z anomaly,4,15252,closing vs opening,25,-0.004980113100253267,-0.006406831149700966,-0.0035257186558961613,0.0,True
