bookmaker,variant,n_bets,final_bankroll,mean_log_growth_per_bet,ci_low,ci_high,p_value,significant_95,kappa,mean_stake
WHC,"plug-in, πλήρες",7253,29341.89624782107,0.0014182781855414262,0.0001762069328742457,0.002527471892469139,0.031,True,,
WHC,"plug-in, 1/4",7253,84.23997174056196,0.0006112876785278167,0.0002848549397854992,0.0008849902317948701,0.0,True,,
WHC,"MCMC, πλήρες",3736,11338.531523826177,0.0024989191845939725,0.0003952654709752537,0.004229877769475892,0.017,True,200.0,0.033356531049250536
WHC,"MCMC, 1/4",3736,41.89549907728161,0.0009997800858051798,0.0004561287101839349,0.001458076001660185,0.001,True,200.0,0.008339132762312634
PSC,"plug-in, πλήρες",19497,0.0035396089430742125,-0.0002894670475456038,-0.0005697839555723232,-3.224825564591441e-08,0.05,True,,
PSC,"plug-in, 1/4",19497,0.5388750587012238,-3.17111112982474e-05,-0.00010238341775667979,4.198429080701207e-05,0.368,False,,
PSC,"MCMC, πλήρες",6734,0.0007618114543873416,-0.001066203069213244,-0.0018561915432014986,-0.0003120997282234787,0.007,True,200.0,0.016939411939411942
PSC,"MCMC, 1/4",6734,0.361254407169862,-0.0001511988179168014,-0.0003587300933858652,4.364676791009317e-05,0.117,False,200.0,0.0042348529848529855
BWC,"plug-in, πλήρες",6920,13.769290958437633,0.00037896543636601785,-0.00024161038205652667,0.0010303922909786875,0.216,False,,
BWC,"plug-in, 1/4",6920,3.090768313423385,0.00016306643137621588,5.695030752301119e-06,0.0003304249052646794,0.042,True,,
BWC,"MCMC, πλήρες",1559,13.188998715530879,0.0016545112581490148,-0.0007384732383500456,0.004224469315452116,0.176,False,60.0,0.021898652982681205
BWC,"MCMC, 1/4",1559,2.6441627366583442,0.0006237039573523247,1.2412678445667536e-05,0.0012937458223858352,0.046,True,60.0,0.005474663245670301
B365C,"plug-in, πλήρες",7643,0.24315130036826269,-0.0001850152288549215,-0.0007051919242828483,0.00035684275876375843,0.461,False,,
B365C,"plug-in, 1/4",7643,1.0547062088112553,6.968762669924009e-06,-0.00012548599717541258,0.00014450581473471745,0.968,False,,
B365C,"MCMC, πλήρες",3348,0.11955100119198556,-0.0006344122492357558,-0.0018311199495008674,0.0005158633717803603,0.241,False,200.0,0.016836917562724013
B365C,"MCMC, 1/4",3348,0.8782221835338004,-3.8786039708412046e-05,-0.00035519807231208854,0.0002739188284091855,0.741,False,200.0,0.004209229390681003
