rank,panel,name,type,coverage_pct,common_rounds,raw_log_loss,calibrated_log_loss,train_log_loss,val_log_loss
1,full panel (24 experts),FTRL,algorithm,100.0,54877,0.9985351482954234,0.9977056804780862,1.0011170657413981,0.9874712760267853
2,full panel (24 experts),Hedge,algorithm,100.0,54877,0.9985366575551071,0.9977067987051483,1.0011174775668885,0.987474513510054
3,full panel (24 experts),OGD,algorithm,100.0,54877,0.9985783269841768,0.9978241690296078,1.0013147210212423,0.987352258622749
4,full panel (24 experts),Uniform average,algorithm,100.0,54877,0.9992670494707551,0.9983706709438589,1.0016202288402238,0.9886217603892561
5,full panel (24 experts),VC_BV,bookmaker,89.30977749921655,54877,1.0003904422448868,0.9998701167039016,1.0027838576066368,0.9911286816084304
6,full panel (24 experts),WH,bookmaker,85.48783035621017,54877,1.0011633674720288,1.0003049224610727,1.0031027004565392,0.9919113845401308
7,full panel (24 experts),BW,bookmaker,94.99634388383996,54877,1.0011328176117724,1.0003758220971946,1.0032105295308977,0.9918714931696958
8,full panel (24 experts),B365,bookmaker,99.80935965736968,54877,1.000811662757625,1.0003771825931942,1.0032610724581,0.9917253027871008
9,full panel (24 experts),IW,bookmaker,74.66964378982554,54877,1.0017320344951333,1.0005034267549158,1.0035162317674928,0.9914647921089761
1,closing-only panel (12 experts),OGD,algorithm,69.59155959469341,32210,0.9999672650910283,0.9991852188507747,1.0040507028463113,0.9845875583485177
2,closing-only panel (12 experts),Uniform average,algorithm,69.59155959469341,32210,1.0000024683283464,0.999208499096861,1.0040708659478246,0.9846201908025769
3,closing-only panel (12 experts),FTRL,algorithm,69.59155959469341,32210,1.0000074844160969,0.9992128319327773,1.004073533786227,0.9846295190445955
4,closing-only panel (12 experts),Hedge,algorithm,69.59155959469341,32210,1.0000086500514285,0.9992137716665024,1.0040740768861722,0.9846316487781782
5,closing-only panel (12 experts),VC_BVC,bookmaker,59.312650161913716,32210,0.9998070156078658,0.9992903385156099,1.0043009259431763,0.9842573316756754
6,closing-only panel (12 experts),B365C,bookmaker,69.55369267732164,32210,1.0000807307926598,0.9995537240597592,1.0044265998009962,0.9849338864843978
7,closing-only panel (12 experts),IWC,bookmaker,44.44531494829207,32210,1.0007417196111499,0.9995679585115478,1.0042314478024452,0.9855763322957625
8,closing-only panel (12 experts),BWC,bookmaker,64.96787840802256,32210,1.0004742634353958,0.9996762315841199,1.0046914429817837,0.9846293516853658
9,closing-only panel (12 experts),WHC,bookmaker,55.319649012848636,32210,1.000849431373789,1.0001696008164256,1.0049612256615292,0.9857935361110091
1,opening-only panel (12 experts),VC_BV,bookmaker,89.30977749921655,54877,1.0003904422448868,0.9998701167039016,1.0027838576066368,0.9911286816084304
2,opening-only panel (12 experts),Uniform average,algorithm,99.96474459417111,54877,1.0007121021937082,0.9999040302409724,1.002772355881369,0.9912988442429083
3,opening-only panel (12 experts),FTRL,algorithm,99.96474459417111,54877,1.0007158727306964,0.9999070336744798,1.002774075903584,0.9913056980038433
4,opening-only panel (12 experts),Hedge,algorithm,99.96474459417111,54877,1.000717080093348,0.9999075906423229,1.0027741655207605,0.9913076570577516
5,opening-only panel (12 experts),OGD,algorithm,99.96474459417111,54877,1.0006870037148858,0.9999906135981244,1.0028668999330619,0.9913615449361698
6,opening-only panel (12 experts),WH,bookmaker,85.48783035621017,54877,1.0011633674720288,1.0003049224610727,1.0031027004565392,0.9919113845401308
7,opening-only panel (12 experts),BW,bookmaker,94.99634388383996,54877,1.0011328176117724,1.0003758220971946,1.0032105295308977,0.9918714931696958
8,opening-only panel (12 experts),B365,bookmaker,99.80935965736968,54877,1.000811662757625,1.0003771825931942,1.0032610724581,0.9917253027871008
9,opening-only panel (12 experts),IW,bookmaker,74.66964378982554,54877,1.0017320344951333,1.0005034267549158,1.0035162317674928,0.9914647921089761
