market,algorithm,n_bookmakers,rounds,log_loss,brier,rps,accuracy,normalization
closing,FTRL,13,76521,0.9971363933117103,0.5959600424238839,0.20260227932955874,0.5065929614092863,Shin
full,FTRL,26,76584,0.9978223029442768,0.5964170080911552,0.20281990046102932,0.5064634910686305,Shin
opening,FTRL,13,76557,1.0003342003125664,0.5981247314740105,0.20361235702195754,0.5038468069542955,Shin
closing,Hedge,13,76521,0.9971421170801935,0.59596397587739,0.20260372320851888,0.5065929614092863,Shin
full,Hedge,26,76584,0.9978146267694449,0.5964139455334481,0.20281815749476478,0.5064504335109161,Shin
opening,Hedge,13,76557,1.000333128616211,0.5981240067522295,0.20361251133049668,0.5038729312799614,Shin
closing,OGD,13,76521,0.9968949826457387,0.5958137472685103,0.20254795717305954,0.5065798931012402,Shin
full,OGD,26,76584,0.9970923929728813,0.5959466567308452,0.20261536528847876,0.5068160451269195,Shin
opening,OGD,13,76557,1.0002377729783607,0.5980391771226883,0.2035714108112062,0.5038859934427943,Shin
closing,Uniform average,13,76521,0.9970304756976955,0.5958879400048271,0.20257531105969429,0.5067367127977941,Shin
full,Uniform average,26,76584,0.9982416214538784,0.5967000176368502,0.20295397994353054,0.5059803614331976,Shin
opening,Uniform average,13,76557,1.0002207089163757,0.5980474458585447,0.20358264075530463,0.503925179931293,Shin
