series,type,outcome,n_actual,log_loss,brier,recall,n_picked,precision,mean_prob_assigned
Hedge,algorithm,1 (Home),33280,0.7676373539644646,0.43084137556373076,0.8205829326923076,52950,0.5157507082152974,0.43008757072735193
Hedge,algorithm,X (Draw),20080,1.3149351556646487,0.835705941195645,0.00249003984063745,122,0.4098360655737705,0.2627930142205812
Hedge,algorithm,2 (Away),23224,1.0554656047364892,0.6278422568817442,0.49216327936617293,23512,0.48613473970738347,0.3071194150520668
OGD,algorithm,1 (Home),33280,0.7646271882054791,0.42883652549188556,0.8182992788461538,52750,0.5162654028436019,0.4309986347641057
OGD,algorithm,X (Draw),20080,1.313407657385232,0.835483145764148,0.0041832669322709164,242,0.34710743801652894,0.26302333902090297
OGD,algorithm,2 (Away),23224,1.0579140162597993,0.6288906692931179,0.4944023424044092,23592,0.4866904035266192,0.30597802621499115
FTRL,algorithm,1 (Home),33280,0.7676898887325483,0.43087758932667497,0.8206129807692307,52947,0.5157988176856101,0.4300689164758037
FTRL,algorithm,X (Draw),20080,1.3149683924921147,0.8357046766502041,0.00249003984063745,121,0.4132231404958678,0.2627842753909888
FTRL,algorithm,2 (Away),23224,1.0554082951497625,0.6278139009441803,0.49224939717533583,23516,0.4861370981459432,0.3071468081332073
Uniform average,algorithm,1 (Home),33280,0.767223994217518,0.4306085031019797,0.8226262019230769,53220,0.5144118752348741,0.4304446650763847
Uniform average,algorithm,X (Draw),20080,1.3159259580278115,0.8360336876799119,0.0015936254980079682,89,0.3595505617977528,0.26256903566896295
Uniform average,algorithm,2 (Away),23224,1.0566586951220132,0.6288693336725105,0.4881588012400965,23275,0.4870891514500537,0.3069862992546522
B365,bookmaker,1 (Home),33216,0.764846062824497,0.42877719748870247,0.8255659922928709,53694,0.5107088315268,0.4323599360546975
B365,bookmaker,X (Draw),20050,1.3234877917773318,0.8416441776429323,0.0016458852867830423,59,0.559322033898305,0.2609839884848367
B365,bookmaker,2 (Away),23172,1.060895678928643,0.6314722422970421,0.476954945624029,22685,0.4871941811769892,0.3066560754604656
B365C,bookmaker,1 (Home),22894,0.7656609326408007,0.42917859176301454,0.8172883724993448,36310,0.5153125860644451,0.4295586204394696
B365C,bookmaker,X (Draw),13984,1.3275159291233676,0.8440657183997569,0.0027889016018306637,101,0.38613861386138615,0.2596748680624813
B365C,bookmaker,2 (Away),16389,1.0463676767378933,0.6216567236802263,0.5039355665385319,16856,0.48997389653535833,0.3107665114980491
BW,bookmaker,1 (Home),31644,0.7694717995404186,0.4323486969487419,0.827550246492226,51289,0.5105773167735772,0.43060768130746535
BW,bookmaker,X (Draw),19102,1.3208250987339185,0.8377813374726363,0.00162286671552717,81,0.38271604938271603,0.2615151456910705
BW,bookmaker,2 (Away),22006,1.0576360573283214,0.6304849622170479,0.473325456693629,21382,0.4871387148068469,0.30787717300146406
BWC,bookmaker,1 (Home),21384,0.7724199158348695,0.43422429656010436,0.8167321361765806,33914,0.5149790646930471,0.4268600153308802
BWC,bookmaker,X (Draw),13106,1.319187025389535,0.8368320407940473,0.003509842820082405,119,0.3865546218487395,0.26165362538764275
BWC,bookmaker,2 (Away),15265,1.0446955434816922,0.6213646509904245,0.5029151654110711,15722,0.48829665436967307,0.311486359281477
IW,bookmaker,1 (Home),24912,0.7801011214229825,0.4396367203537529,0.8267100192678227,40442,0.5092478116809258,0.4265499767343969
IW,bookmaker,X (Draw),14973,1.3049882685649725,0.8268362864680694,0.0014693114272356909,56,0.39285714285714285,0.2656135646733003
IW,bookmaker,2 (Away),17300,1.058853956151557,0.6312465801366342,0.46809248554913296,16687,0.48528794870258285,0.3078364585923028
PS,bookmaker,1 (Home),30943,0.7650312321758769,0.42924775436044027,0.8194422001745144,49601,0.5111993709804238,0.43239785517758655
PS,bookmaker,X (Draw),18694,1.3181730456470324,0.8383167940197126,0.0033165721621910772,174,0.3563218390804598,0.26198959334576866
PS,bookmaker,2 (Away),21647,1.063843792128741,0.6329530838375932,0.48246870236060424,21509,0.4855641824352597,0.30561255147664473
PSC,bookmaker,1 (Home),31186,0.7623103850388278,0.4273387844351401,0.816680561790547,49407,0.5154937559455138,0.43198673590316183
PSC,bookmaker,X (Draw),18837,1.3127025931256164,0.8359234153811635,0.006954398258746085,369,0.35501355013550134,0.26298021035140207
PSC,bookmaker,2 (Away),21795,1.0604079971667772,0.6297111924784892,0.4931406285845377,22042,0.4876145540332093,0.305033053745436
VC_BV,bookmaker,1 (Home),29698,0.7675060985049948,0.43095571231265956,0.8248030170381844,47996,0.5103550295857988,0.4310141853807642
VC_BV,bookmaker,X (Draw),17933,1.3177950588409277,0.8374576777924609,0.0011152623654714772,45,0.4444444444444444,0.2622419622534131
VC_BV,bookmaker,2 (Away),20766,1.0605102288601829,0.6311950286372481,0.47799287296542425,20356,0.48762035763411277,0.3067438523658226
WH,bookmaker,1 (Home),28469,0.7736314252238906,0.4351894757837023,0.825283641856054,46105,0.5095976575208763,0.42891128862003086
WH,bookmaker,X (Draw),17150,1.3108204384892432,0.8325947293833712,0.0014577259475218659,57,0.43859649122807015,0.26420501549737174
WH,bookmaker,2 (Away),19851,1.060022155189855,0.6307813419834969,0.47438416200695177,19308,0.4877252952144189,0.3068836958825973
