outcome,comparison,series_a,series_b,n,verdict,block_length,mean_diff,ci_low,ci_high,p_value,significant_95,consistent_with_pooled
ALL,OGD vs Hedge,OGD,Hedge,76584,OGD better,42,-0.0009661100581370892,-0.0011840405406562762,-0.0007533433120860355,0.0,True,
1 (Home),OGD vs Hedge,OGD,Hedge,33280,OGD better,32,-0.0030101657589855194,-0.003412193581254748,-0.0026241080987026984,0.0,True,True
X (Draw),OGD vs Hedge,OGD,Hedge,20080,OGD better,27,-0.0015274982794167677,-0.0020358903918355656,-0.0010451447246213504,0.0,True,True
2 (Away),OGD vs Hedge,OGD,Hedge,23224,Hedge better,29,0.0024484115233101944,0.0019630760310412844,0.002967310285225752,0.0,True,False
ALL,OGD vs FTRL,OGD,FTRL,76584,OGD better,42,-0.0009802748280003772,-0.0012025146142087188,-0.0007663128314696846,0.0,True,
1 (Home),OGD vs FTRL,OGD,FTRL,33280,OGD better,32,-0.00306270052706923,-0.0034633436252761826,-0.0026723889526361873,0.0,True,True
X (Draw),OGD vs FTRL,OGD,FTRL,20080,OGD better,27,-0.0015607351068827914,-0.002075958229180369,-0.0010768217373885536,0.0,True,True
2 (Away),OGD vs FTRL,OGD,FTRL,23224,FTRL better,29,0.0025057211100365812,0.0020161679679970425,0.0030227646109485455,0.0,True,False
ALL,OGD vs Uniform average,OGD,Uniform average,76584,OGD better,42,-0.0014080696082694319,-0.0016722649205743515,-0.0011503064428725921,0.0,True,
1 (Home),OGD vs Uniform average,OGD,Uniform average,33280,OGD better,32,-0.002596806012038878,-0.0030752251620844617,-0.0021159164042589386,0.0,True,True
X (Draw),OGD vs Uniform average,OGD,Uniform average,20080,OGD better,27,-0.002518300642579698,-0.0030349287562541623,-0.002003591493019281,0.0,True,True
2 (Away),OGD vs Uniform average,OGD,Uniform average,23224,Uniform average better,29,0.0012553211377862572,0.0006192361743367923,0.0018744177248917846,0.0,True,False
ALL,Hedge vs FTRL,Hedge,FTRL,76584,Hedge better,42,-1.416476986328797e-05,-2.5239828049766884e-05,-4.163192698890776e-06,0.01,True,
1 (Home),Hedge vs FTRL,Hedge,FTRL,33280,Hedge better,32,-5.2534768083710385e-05,-7.11265595962095e-05,-3.291027844784544e-05,0.0,True,True
X (Draw),Hedge vs FTRL,Hedge,FTRL,20080,Hedge better,27,-3.3236827466023826e-05,-5.685176932810001e-05,-1.4066773636431481e-05,0.0,True,True
2 (Away),Hedge vs FTRL,Hedge,FTRL,23224,FTRL better,29,5.7309586726386236e-05,2.9156222114703054e-05,8.648775444975037e-05,0.0,True,False
ALL,OGD vs B365,OGD,B365,76438,OGD better,42,-0.0035767471083090184,-0.004052097957493834,-0.0031164617974879126,0.0,True,
1 (Home),OGD vs B365,OGD,B365,33216,tie (not significant),32,-7.849226048811054e-05,-0.0009026310656081926,0.0007956280913607042,0.833,False,True
X (Draw),OGD vs B365,OGD,B365,20050,OGD better,27,-0.010117766952819744,-0.011087109397027391,-0.009229789481162085,0.0,True,True
2 (Away),OGD vs B365,OGD,B365,23172,OGD better,29,-0.0029315971489951567,-0.0041000209052767505,-0.0017656858704313324,0.0,True,True
ALL,OGD vs BW,OGD,BW,72752,OGD better,42,-0.003966090633407816,-0.004479977683793688,-0.003458832429344332,0.0,True,
1 (Home),OGD vs BW,OGD,BW,31644,OGD better,32,-0.005029775395377352,-0.0058507860633194506,-0.004204318961509274,0.0,True,True
X (Draw),OGD vs BW,OGD,BW,19102,OGD better,27,-0.008069364955544188,-0.009106478900256823,-0.007055276004920377,0.0,True,True
2 (Away),OGD vs BW,OGD,BW,22006,tie (not significant),28,0.0011252474884322714,-0.00016763829635661702,0.002501868465391883,0.097,False,False
ALL,OGD vs IW,OGD,IW,57185,OGD better,39,-0.004505937259693472,-0.005055870907574116,-0.0039037865678040644,0.0,True,
1 (Home),OGD vs IW,OGD,IW,24912,OGD better,29,-0.012233325113109973,-0.013187757471613552,-0.011351621048452235,0.0,True,True
X (Draw),OGD vs IW,OGD,IW,14973,IW better,25,0.0025137036444630974,0.0016849287092290319,0.003524847036513655,0.0,True,False
2 (Away),OGD vs IW,OGD,IW,17300,tie (not significant),26,0.0005460629106172519,-0.0009061157017533667,0.001932609857681284,0.434,False,False
ALL,OGD vs PS,OGD,PS,71284,OGD better,41,-0.0026003581322287792,-0.0030976902554401826,-0.0021568832433962056,0.0,True,
1 (Home),OGD vs PS,OGD,PS,30943,PS better,31,0.0012582590214793878,0.00044156159121275685,0.0020560604846714403,0.004,True,False
X (Draw),OGD vs PS,OGD,PS,18694,OGD better,27,-0.00689677569984335,-0.007739671139157275,-0.006070552375089522,0.0,True,True
2 (Away),OGD vs PS,OGD,PS,21647,OGD better,28,-0.004405687303855563,-0.005535077400092017,-0.003257079704228919,0.0,True,True
ALL,OGD vs PSC,OGD,PSC,71818,PSC better,42,0.0006503310948641488,0.0004395268382867099,0.0008579288089366589,0.0,True,
1 (Home),OGD vs PSC,OGD,PSC,31186,PSC better,31,0.003138495663723777,0.0027589888139554057,0.003534022883083581,0.0,True,True
X (Draw),OGD vs PSC,OGD,PSC,18837,OGD better,27,-0.001095030595024501,-0.0016152010779335222,-0.0006020482533718297,0.0,True,False
2 (Away),OGD vs PSC,OGD,PSC,21795,OGD better,28,-0.0014014478494819799,-0.0019326574070286857,-0.0008940405373572069,0.0,True,False
ALL,OGD vs VC_BV,OGD,VC_BV,68397,OGD better,41,-0.0031126199512041997,-0.003597476104003341,-0.0026255719464463876,0.0,True,
1 (Home),OGD vs VC_BV,OGD,VC_BV,29698,OGD better,31,-0.0024425704188832612,-0.003279079589759613,-0.0016087733320406168,0.0,True,True
X (Draw),OGD vs VC_BV,OGD,VC_BV,17933,OGD better,26,-0.005410413133813728,-0.006238933465057722,-0.0045603579092231075,0.0,True,True
2 (Away),OGD vs VC_BV,OGD,VC_BV,20766,OGD better,27,-0.002086558401899113,-0.003260775332045735,-0.0009058025576145964,0.001,True,True
ALL,OGD vs WH,OGD,WH,65470,OGD better,40,-0.003912134575920489,-0.004444827669209632,-0.003392647648533903,0.0,True,
1 (Home),OGD vs WH,OGD,WH,28469,OGD better,31,-0.007918177525017712,-0.008870757334125574,-0.007008669950253234,0.0,True,True
X (Draw),OGD vs WH,OGD,WH,17150,tie (not significant),26,0.0012321897144788546,-7.580605469396686e-05,0.0025833074358241246,0.072,False,False
2 (Away),OGD vs WH,OGD,WH,19851,OGD better,27,-0.0026112995984634286,-0.004035772257131272,-0.0012132921219772056,0.0,True,True
