name,type,outcome,n,accuracy,log_loss,brier
Hedge,algorithm,1 (Home win),33280,0.8205829326923076,0.7676373539644646,0.43084137556373076
Hedge,algorithm,X (Draw),20080,0.00249003984063745,1.3149351556646487,0.835705941195645
Hedge,algorithm,2 (Away win),23224,0.49216327936617293,1.0554656047364892,0.6278422568817442
OGD,algorithm,1 (Home win),33280,0.8182992788461538,0.7646271882054791,0.42883652549188556
OGD,algorithm,X (Draw),20080,0.0041832669322709164,1.313407657385232,0.835483145764148
OGD,algorithm,2 (Away win),23224,0.4944023424044092,1.0579140162597993,0.6288906692931179
FTRL,algorithm,1 (Home win),33280,0.8206129807692307,0.7676898887325483,0.43087758932667497
FTRL,algorithm,X (Draw),20080,0.00249003984063745,1.3149683924921147,0.8357046766502041
FTRL,algorithm,2 (Away win),23224,0.49224939717533583,1.0554082951497625,0.6278139009441803
Uniform average,algorithm,1 (Home win),33280,0.8226262019230769,0.767223994217518,0.4306085031019797
Uniform average,algorithm,X (Draw),20080,0.0015936254980079682,1.3159259580278115,0.8360336876799119
Uniform average,algorithm,2 (Away win),23224,0.4881588012400965,1.0566586951220132,0.6288693336725105
B365,bookmaker,1 (Home win),33216,0.8255659922928709,0.764846062824497,0.42877719748870247
B365,bookmaker,X (Draw),20050,0.0016458852867830423,1.3234877917773318,0.8416441776429323
B365,bookmaker,2 (Away win),23172,0.476954945624029,1.060895678928643,0.6314722422970421
B365C,bookmaker,1 (Home win),22894,0.8172883724993448,0.7656609326408007,0.42917859176301454
B365C,bookmaker,X (Draw),13984,0.0027889016018306637,1.3275159291233676,0.8440657183997569
B365C,bookmaker,2 (Away win),16389,0.5039355665385319,1.0463676767378933,0.6216567236802263
BW,bookmaker,1 (Home win),31644,0.827550246492226,0.7694717995404186,0.4323486969487419
BW,bookmaker,X (Draw),19102,0.00162286671552717,1.3208250987339185,0.8377813374726363
BW,bookmaker,2 (Away win),22006,0.473325456693629,1.0576360573283214,0.6304849622170479
BWC,bookmaker,1 (Home win),21384,0.8167321361765806,0.7724199158348695,0.43422429656010436
BWC,bookmaker,X (Draw),13106,0.003509842820082405,1.319187025389535,0.8368320407940473
BWC,bookmaker,2 (Away win),15265,0.5029151654110711,1.0446955434816922,0.6213646509904245
IW,bookmaker,1 (Home win),24912,0.8267100192678227,0.7801011214229825,0.4396367203537529
IW,bookmaker,X (Draw),14973,0.0014693114272356909,1.3049882685649725,0.8268362864680694
IW,bookmaker,2 (Away win),17300,0.46809248554913296,1.058853956151557,0.6312465801366342
PS,bookmaker,1 (Home win),30943,0.8194422001745144,0.7650312321758769,0.42924775436044027
PS,bookmaker,X (Draw),18694,0.0033165721621910772,1.3181730456470324,0.8383167940197126
PS,bookmaker,2 (Away win),21647,0.48246870236060424,1.063843792128741,0.6329530838375932
PSC,bookmaker,1 (Home win),31186,0.816680561790547,0.7623103850388278,0.4273387844351401
PSC,bookmaker,X (Draw),18837,0.006954398258746085,1.3127025931256164,0.8359234153811635
PSC,bookmaker,2 (Away win),21795,0.4931406285845377,1.0604079971667772,0.6297111924784892
VC_BV,bookmaker,1 (Home win),29698,0.8248030170381844,0.7675060985049948,0.43095571231265956
VC_BV,bookmaker,X (Draw),17933,0.0011152623654714772,1.3177950588409277,0.8374576777924609
VC_BV,bookmaker,2 (Away win),20766,0.47799287296542425,1.0605102288601829,0.6311950286372481
WH,bookmaker,1 (Home win),28469,0.825283641856054,0.7736314252238906,0.4351894757837023
WH,bookmaker,X (Draw),17150,0.0014577259475218659,1.3108204384892432,0.8325947293833712
WH,bookmaker,2 (Away win),19851,0.47438416200695177,1.060022155189855,0.6307813419834969
