name,type,coverage_pct,rounds,raw_log_loss,calibrated_log_loss,window
PSC,bookmaker,87.91194611473844,34065,0.9947127728257004,0.9943898675738834,5yr
OGD,algorithm,100.0,38749,0.9955588735226539,0.9949472072879527,5yr
VC_BVC,bookmaker,79.69754058169242,30882,0.9955361623046998,0.9949842526135516,5yr
WHC,bookmaker,72.13605512400319,27952,0.9957454416732296,0.9950230255264987,5yr
BWC,bookmaker,91.9352757490516,35624,0.9960884661811761,0.9950370546429158,5yr
B365C,bookmaker,99.9974192882397,38748,0.9960164537443637,0.9954272873334619,5yr
Uniform average,algorithm,100.0,38749,0.9967715769702568,0.9959146032200251,5yr
Hedge,algorithm,100.0,38749,0.9968906429557108,0.9960392892130154,5yr
FTRL,algorithm,100.0,38749,0.9969232809137936,0.9960669155166731,5yr
WH,bookmaker,71.90895248909649,27864,0.9984802679831026,0.9977114518582766,5yr
PS,bookmaker,87.69516632687295,33981,0.9983124058599571,0.9979439357559207,5yr
VC_BV,bookmaker,79.0833311827402,30644,0.9987035615632831,0.9980074807723709,5yr
BW,bookmaker,91.53268471444424,35468,0.9998079018634947,0.9988503868317352,5yr
B365,bookmaker,99.83999587086119,38687,0.999506311314747,0.9989557584798369,5yr
PSC,bookmaker,93.77676799331454,71818,0.9971369672335351,0.9968478914600825,10yr
OGD,algorithm,100.0,76584,0.9974539551001697,0.9969256945530529,10yr
Hedge,algorithm,100.0,76584,0.9984200651583067,0.9977291731904332,10yr
FTRL,algorithm,100.0,76584,0.99843422992817,0.9977398268439737,10yr
Uniform average,algorithm,100.0,76584,0.9988620247084391,0.9981319834017126,10yr
VC_BV,bookmaker,89.30977749921655,68397,1.0007452127448024,1.0002566260253742,10yr
WH,bookmaker,85.48783035621017,65470,1.0011850216505769,1.000475799014882,10yr
PS,bookmaker,93.07949441136529,71284,1.000832092766324,1.0005475942386128,10yr
IW,bookmaker,74.66964378982554,57185,1.001864858328838,1.000610129643094,10yr
BW,bookmaker,94.99634388383996,72752,1.0014007276533892,1.000652294300174,10yr
B365,bookmaker,99.80935965736968,76438,1.001126818075414,1.0007259373355237,10yr
