config,full,train,held_out,vs,n,verdict,block_length,mean_diff,ci_low,ci_high,p_value,significant_95
PSC μόνος του,0.9943898675738834,0.9926854395448151,0.9995033518052899,,,,,,,,,
"closing-only, απλή",0.9944377745245779,0.9927860824289031,0.9993930447632342,,,,,,,,,
closing-only + Shin,0.9944443929704334,0.9927866965601284,0.9994176768580424,,,,,,,,,
closing+Shin χωρίς μονής σεζόν,0.9944609620336331,0.992798377137115,0.9994489119539168,,,,,,,,,
"πλήρες panel, απλή",0.9947520000713695,0.9931796725417914,0.999469167292271,,,,,,,,,
"πλήρες panel, Shin",0.9947990163693414,0.993241476288411,0.9994718195078679,,,,,,,,,
"πλήρες panel, απλή",,,,PSC μόνος του,34065.0,PSC μόνος του better,32.0,0.00036213249748644726,8.103895799334457e-05,0.0006724857453565897,0.014,True
"closing-only, απλή",,,,PSC μόνος του,34065.0,ισοπαλία,32.0,4.790695069468694e-05,-6.631270302797607e-05,0.00017784921561080576,0.406,False
"closing-only, απλή",,,,"πλήρες panel, απλή",34065.0,"closing-only, απλή better",32.0,-0.00031422554679176037,-0.0005489398767487516,-8.44423590205224e-05,0.006,True
"πλήρες panel, Shin",,,,PSC μόνος του,34065.0,PSC μόνος του better,32.0,0.0004091487954581756,9.084052954689743e-05,0.0007464780966755807,0.017,True
"πλήρες panel, Shin",,,,"πλήρες panel, απλή",34065.0,ισοπαλία,32.0,4.701629797172832e-05,-3.531413510036134e-05,0.00012642010131944619,0.26,False
closing-only + Shin,,,,PSC μόνος του,34065.0,ισοπαλία,32.0,5.45253965499575e-05,-0.00010672284247017928,0.0002226919011876872,0.47,False
closing-only + Shin,,,,"πλήρες panel, απλή",34065.0,closing-only + Shin better,32.0,-0.0003076071009364898,-0.0005533514753819799,-7.77161286594894e-05,0.007,True
closing+Shin χωρίς μονής σεζόν,,,,PSC μόνος του,34065.0,ισοπαλία,32.0,7.109445974978464e-05,-8.266849585647247e-05,0.0002306964125005151,0.345,False
closing+Shin χωρίς μονής σεζόν,,,,"πλήρες panel, απλή",34065.0,closing+Shin χωρίς μονής σεζόν better,32.0,-0.0002910380377366626,-0.0005371516232483152,-5.3851169149202555e-05,0.012,True
