rank,name,type,phase,coverage_tail_pct,log_loss,bookmaker,verdict,n,block_length,mean_diff,ci_low,ci_high,p_value,significant_95
1.0,OGD,algorithm,---,100.0,1.0001312553959243,,,,,,,,,
2.0,BWC,bookmaker,closing,85.06737699780633,1.0002218434568455,,,,,,,,,
3.0,BFEC,bookmaker,closing,77.74469863156796,1.0002579943134526,,,,,,,,,
4.0,PSC,bookmaker,closing,75.54580591246214,1.0002785352680559,,,,,,,,,
5.0,B365C,bookmaker,closing,100.0,1.0006971454251692,,,,,,,,,
6.0,Uniform average,algorithm,---,100.0,1.0007567061371205,,,,,,,,,
7.0,Hedge,algorithm,---,100.0,1.0008599001334733,,,,,,,,,
8.0,FTRL,algorithm,---,100.0,1.0008929946776635,,,,,,,,,
9.0,PS,bookmaker,opening,75.28465475817403,1.002575439677173,,,,,,,,,
10.0,B365,bookmaker,opening,99.8485323305129,1.0029591354169871,,,,,,,,,
11.0,BW,bookmaker,opening,84.76966468191789,1.0031863412244968,,,,,,,,,
12.0,BFE,bookmaker,opening,77.10748981510498,1.0080921005124606,,,,,,,,,
,,,opening,,,BFE,OGD better,7699.0,20.0,-0.007960845116536306,-0.010926081355995454,-0.0052687756486083075,0.0,True
,,,opening,,,BW,OGD better,7699.0,20.0,-0.00305508582857239,-0.004789065652740758,-0.0014055560901522991,0.001,True
,,,opening,,,B365,OGD better,7699.0,20.0,-0.0028278800210627497,-0.004541122309536938,-0.0011786604381935537,0.001,True
,,,opening,,,PS,OGD better,7699.0,20.0,-0.0024441842812487546,-0.004056530160604639,-0.0009369995921062626,0.002,True
,,,closing,,,B365C,ισοπαλία,7699.0,20.0,-0.0005658900292449569,-0.0014570428648979638,0.0003133227206518349,0.205,False
,,,closing,,,PSC,ισοπαλία,7699.0,20.0,-0.00014727987213166002,-0.0005551272911124412,0.0002875308466603006,0.503,False
,,,closing,,,BFEC,ισοπαλία,7699.0,20.0,-0.0001267389175284652,-0.0009196167476938652,0.000736827802059323,0.797,False
,,,closing,,,BWC,ισοπαλία,7699.0,20.0,-9.058806092106773e-05,-0.0008169361569150964,0.0006440885232261779,0.815,False
