stage,K,tau,beta,gamma,clock,train,held_out,belief_spread,regime,pearson_r_vs_movement,mean_belief,belief_sd,name,raw_log_loss,calibrated_log_loss,raw_brier,accuracy
A,2.0,0.01,1.0,0.0,True,0.9974527769540357,0.9976636465764754,0.013339937818448153,,,,,,,,,
A,2.0,0.01,1.0,0.001,True,0.9974526417531501,0.9976637181087885,0.00023457724539518396,,,,,,,,,
A,2.0,0.01,1.0,0.01,True,0.9974526420303105,0.9976637054571446,5.352372003960831e-05,,,,,,,,,
A,2.0,0.01,1.0,0.1,True,0.9974526419412498,0.9976637072163559,1.6806284063831436e-05,,,,,,,,,
A,2.0,0.01,3.0,0.0,True,0.9974637456036765,0.9976493482632716,0.3692096881723074,,,,,,,,,
A,2.0,0.01,3.0,0.001,True,0.9974526501682865,0.9976637555372369,0.0009379770767082932,,,,,,,,,
A,2.0,0.01,3.0,0.01,True,0.9974526417999247,0.9976637029318233,0.00016664303680547507,,,,,,,,,
A,2.0,0.01,3.0,0.1,True,0.997452641765757,0.997663707445938,4.9617866545248984e-05,,,,,,,,,
A,2.0,0.01,10.0,0.0,True,0.997435250996785,0.997648824868199,0.39091888282145665,,,,,,,,,
A,2.0,0.01,10.0,0.001,True,0.997452666625235,0.9976638738844987,0.003893617569222871,,,,,,,,,
A,2.0,0.01,10.0,0.01,True,0.9974526444972451,0.9976637175299722,0.0008568643143447106,,,,,,,,,
A,2.0,0.01,10.0,0.1,True,0.9974526413077723,0.9976637055082512,0.00016592133715090572,,,,,,,,,
A,2.0,0.01,30.0,0.0,True,0.9973740823120052,0.997648016423917,0.4761558940032225,,,,,,,,,
A,2.0,0.01,30.0,0.001,True,0.9974350797781525,0.9977355299197349,0.32596066698828524,,,,,,,,,
A,2.0,0.01,30.0,0.01,True,0.9974646963290015,0.9976743215007173,0.0338110004512531,,,,,,,,,
A,2.0,0.01,30.0,0.1,True,0.9974527185472744,0.9976636946746305,0.0008626655907686812,,,,,,,,,
A,2.0,0.01,100.0,0.0,True,0.9974051357116863,0.9976480305965851,0.4871437265676337,,,,,,,,,
A,2.0,0.01,100.0,0.001,True,0.9974820746938643,0.9976944322960241,0.4621479959690781,,,,,,,,,
A,2.0,0.01,100.0,0.01,True,0.9975303136301064,0.9976831021800251,0.3509240483039639,,,,,,,,,
A,2.0,0.01,100.0,0.1,True,0.9974950678728873,0.9976855170570098,0.07113751278366147,,,,,,,,,
A,2.0,0.01,300.0,0.0,True,0.9973879848147753,0.9976468599370242,0.49476458155634084,,,,,,,,,
A,2.0,0.01,300.0,0.001,True,0.9974508646708384,0.9976861162107524,0.48714287975201337,,,,,,,,,
A,2.0,0.01,300.0,0.01,True,0.9975706433232234,0.997724496443403,0.45423847029144504,,,,,,,,,
A,2.0,0.01,300.0,0.1,True,0.9976255926659878,0.9977285739555222,0.37704534310175064,,,,,,,,,
A,2.0,0.01,1000.0,0.0,True,0.9973818646568149,0.9976469817367207,0.4948617959333323,,,,,,,,,
A,2.0,0.01,1000.0,0.001,True,0.9974102514320597,0.9976412001239808,0.4939913697410388,,,,,,,,,
A,2.0,0.01,1000.0,0.01,True,0.9976069759159107,0.9977118198394263,0.4861941554987248,,,,,,,,,
A,2.0,0.01,1000.0,0.1,True,0.9976945248842849,0.9977430234173248,0.46531457346065164,,,,,,,,,
B,2.0,0.0,30.0,0.0,True,0.9973727125864384,0.9976473167656277,0.4814287870800895,,,,,,,,,
B,2.0,0.0,30.0,0.0,False,0.9973769004987164,0.997646197912379,0.4850072087098052,,,,,,,,,
B,2.0,0.01,30.0,0.0,True,0.9973740823120052,0.997648016423917,0.4761558940032225,,,,,,,,,
B,2.0,0.01,30.0,0.0,False,0.9973801512220655,0.9976472105329789,0.47995717414472494,,,,,,,,,
B,2.0,0.1,30.0,0.0,True,0.9973929985807531,0.9976515171658468,0.43316445541877097,,,,,,,,,
B,2.0,0.1,30.0,0.0,False,0.9974173939078529,0.9976530798086279,0.4291920188110502,,,,,,,,,
B,3.0,0.0,30.0,0.0,True,0.9973636450443618,0.9976479316849376,0.41865527532051194,,,,,,,,,
,,,,,,,,,0.0,,0.05663025475172711,0.0,,,,,
,,,,,,,,,1.0,,0.018646257041557233,0.0,,,,,
,,,,,,,,,2.0,,0.9247234882067156,0.0,,,,,
,,,,,,,,,,,,,OGD,0.9974539551001697,0.9969256945530529,0.596123707810736,0.5066201817612034
,,,,,,,,,,,,,"Regime-OGD (K=3, β=30, γ=0, τ=0)",0.9974347167045056,0.9969093507607778,0.5961119908175118,0.5068813329154915
