name,type,normalization,metric,n,block_length,mean_diff,ci_low,ci_high,p_value,significant_95
PSC,bookmaker,Basic,log_loss,71818,42,-0.0002890757734525825,-0.000458563230057841,-0.00010037937108739925,0.0,True
PSC,bookmaker,Basic,brier,71818,42,-0.00014755713868273466,-0.00025862466926243057,-2.7237427073188653e-05,0.015,True
OGD,algorithm,Basic,log_loss,76584,42,-0.0005282605471167634,-0.0007804322190837297,-0.0002675051978326743,0.0,True
OGD,algorithm,Basic,brier,76584,42,-0.00026862608128395656,-0.0004282025090423242,-9.796447669570755e-05,0.0,True
Hedge,algorithm,Basic,log_loss,76584,42,-0.0006908919678734212,-0.0009606664897594089,-0.00040168858537439043,0.0,True
Hedge,algorithm,Basic,brier,76584,42,-0.0003640783854731625,-0.0005427726079700637,-0.00017707198001936492,0.0,True
FTRL,algorithm,Basic,log_loss,76584,42,-0.0006944030841961839,-0.0009634405381697864,-0.0004048947257302235,0.0,True
FTRL,algorithm,Basic,brier,76584,42,-0.0003665083588983535,-0.0005450810634520996,-0.00017954870302516268,0.0,True
Uniform average,algorithm,Basic,log_loss,76584,42,-0.0007300413067263191,-0.001011905138789052,-0.0004377550551240735,0.0,True
Uniform average,algorithm,Basic,brier,76584,42,-0.000385604883638281,-0.0005721233863335849,-0.00019403775800178527,0.0,True
B365C,bookmaker,Basic,log_loss,53267,38,-0.00043219355850693903,-0.0006956410495500505,-0.00016411295039042595,0.003,True
B365C,bookmaker,Basic,brier,53267,38,-0.00021102256249869552,-0.0003825683955091011,-3.342457407749011e-05,0.02,True
BWC,bookmaker,Basic,log_loss,49755,37,-0.0007919310447718481,-0.001134953543865229,-0.00043849478715339145,0.0,True
BWC,bookmaker,Basic,brier,49755,37,-0.00040773414845264957,-0.0006279142873061354,-0.00018808993369340344,0.0,True
VC_BV,bookmaker,Basic,log_loss,68397,41,-0.0004885867194281469,-0.000737526412715637,-0.00024039297526549523,0.0,True
VC_BV,bookmaker,Basic,brier,68397,41,-0.00026659241194940705,-0.000429936708858545,-0.00010587440920181144,0.001,True
WH,bookmaker,Basic,log_loss,65470,40,-0.0007092226356949414,-0.0010379363269368918,-0.0003953465725151241,0.0,True
WH,bookmaker,Basic,brier,65470,40,-0.0004111317643374904,-0.0006311272182528361,-0.0002081603539279123,0.0,True
PS,bookmaker,Basic,log_loss,71284,41,-0.0002844985277112331,-0.0004578909804036872,-0.00011204123067973292,0.002,True
PS,bookmaker,Basic,brier,71284,41,-0.00014218863813727394,-0.0002542800765400842,-2.822608438089676e-05,0.012,True
IW,bookmaker,Basic,log_loss,57185,39,-0.001254728685743918,-0.0016473383256386026,-0.000845139114476204,0.0,True
IW,bookmaker,Basic,brier,57185,39,-0.0007305498732651045,-0.0009888044293004652,-0.0004540383566414935,0.0,True
BW,bookmaker,Basic,log_loss,72752,42,-0.0007484333532149905,-0.001042941120210348,-0.0004589132847191848,0.0,True
BW,bookmaker,Basic,brier,72752,42,-0.0003979494763029829,-0.0005880749562020289,-0.00020391247980899654,0.0,True
B365,bookmaker,Basic,log_loss,76438,42,-0.0004008807398904952,-0.0006091932817083466,-0.00018019717613125457,0.002,True
B365,bookmaker,Basic,brier,76438,42,-0.00020114425281652997,-0.0003376235594086873,-5.7465069741389157e-05,0.008,True
PSC,bookmaker,Shin,log_loss,71818,42,-6.426168477567573e-05,-0.00017138507451125359,5.620176446734178e-05,0.279,False
PSC,bookmaker,Shin,brier,71818,42,-2.5201612808005612e-05,-9.45849785637911e-05,4.969283986750968e-05,0.525,False
OGD,algorithm,Shin,log_loss,76584,42,-0.00013927223142026743,-0.0002954787658716759,2.203317537696794e-05,0.097,False
OGD,algorithm,Shin,brier,76584,42,-5.540841831530145e-05,-0.0001580342364127412,5.067213291454632e-05,0.295,False
Hedge,algorithm,Shin,log_loss,76584,42,-0.00013555921211168634,-0.00028897698772394976,2.0448266084521246e-05,0.097,False
Hedge,algorithm,Shin,brier,76584,42,-5.3561736083482975e-05,-0.0001537637651827214,4.908927204027627e-05,0.309,False
FTRL,algorithm,Shin,log_loss,76584,42,-0.0001353725420751576,-0.0002887817951839274,2.0944224149845608e-05,0.098,False
FTRL,algorithm,Shin,brier,76584,42,-5.350319826398909e-05,-0.00015385293899554286,4.9444218725911545e-05,0.312,False
Uniform average,algorithm,Shin,log_loss,76584,42,-0.00016705980910772063,-0.0003332996238209009,-2.8636276312899406e-06,0.049,True
Uniform average,algorithm,Shin,brier,76584,42,-7.00854687560913e-05,-0.00017784809787553318,3.9619861889963664e-05,0.205,False
B365C,bookmaker,Shin,log_loss,53267,38,-4.341713788232343e-05,-0.00020194318801079338,0.00011554594699481836,0.606,False
B365C,bookmaker,Shin,brier,53267,38,2.7117051128320355e-06,-9.798505116863856e-05,0.00010254911735192689,0.972,False
BWC,bookmaker,Shin,log_loss,49755,37,-0.00018203753253254485,-0.0003914675410785827,2.46559955880544e-05,0.076,False
BWC,bookmaker,Shin,brier,49755,37,-5.9578192337171896e-05,-0.00019680612765443872,7.047275073425167e-05,0.384,False
VC_BV,bookmaker,Shin,log_loss,68397,41,-3.0350576701835178e-05,-0.00016006927227945188,0.00010481381430582487,0.645,False
VC_BV,bookmaker,Shin,brier,68397,41,-5.951984384894474e-06,-8.908915641541267e-05,7.638545469444087e-05,0.905,False
WH,bookmaker,Shin,log_loss,65470,40,-0.00012458723946171145,-0.0003047371120691699,5.205604886938811e-05,0.171,False
WH,bookmaker,Shin,brier,65470,40,-7.03241977583807e-05,-0.00018864093913751717,4.138368837954092e-05,0.217,False
PS,bookmaker,Shin,log_loss,71284,41,-4.9893062841983934e-05,-0.0001548369570250783,5.8547785373415547e-05,0.369,False
PS,bookmaker,Shin,brier,71284,41,-1.3762621735359742e-05,-8.196345083212631e-05,5.517849176151371e-05,0.712,False
IW,bookmaker,Shin,log_loss,57185,39,-0.00036754205552987996,-0.0005551481109377356,-0.0001657303964534349,0.0,True
IW,bookmaker,Shin,brier,57185,39,-0.0002085084757859258,-0.0003318153227538739,-7.396924948522685e-05,0.001,True
BW,bookmaker,Shin,log_loss,72752,42,-0.00014399655595425672,-0.0002984137767833128,1.1809880226534095e-05,0.074,False
BW,bookmaker,Shin,brier,72752,42,-5.315075079108954e-05,-0.00015248382343470096,5.4231875850410796e-05,0.327,False
B365,bookmaker,Shin,log_loss,76438,42,-2.1782886352271414e-05,-0.00013666577564399248,9.681974166392416e-05,0.733,False
B365,bookmaker,Shin,brier,76438,42,5.756103568377184e-06,-6.871844825127218e-05,8.056518680734058e-05,0.885,False
