normalization,panel_type,target_phase,leakage_risk,bookmaker,stage,n_bets,active_rounds,final_bankroll,mean_log_growth_per_bet,ci_low,ci_high,p_value,significant_95
Basic,closing-trained,closing,False,PSC,raw,20580,48593,0.08124203335539963,-0.00012197874215695177,-0.00018986086554510166,-5.288030099004606e-05,0.001,True
Basic,closing-trained,closing,False,PSC,calibrated,19497,48593,0.5388750587012218,-3.171111129824741e-05,-0.00010238341775668032,4.1984290807011924e-05,0.368,False
Basic,closing-trained,closing,False,B365C,raw,7941,53267,1.016564557763473,2.0688656240437184e-06,-0.00012019799462371123,0.00012280415790549,0.991,False
Basic,closing-trained,closing,False,B365C,calibrated,7643,53267,1.0547062088112684,6.968762669925665e-06,-0.00012548599717541176,0.000144505814734718,0.968,False
Basic,closing-trained,closing,False,BWC,raw,3134,49755,2.021895039634034,0.00022464429166208316,-4.034364752392359e-05,0.0004923514192127519,0.091,False
Basic,closing-trained,closing,False,BWC,calibrated,6920,49755,3.090768313423394,0.000163066431376216,5.695030752301487e-06,0.0003304249052646804,0.042,True
Basic,closing-trained,closing,False,VC_BVC,raw,5142,45424,1.0058268749699477,1.1299036158554097e-06,-0.00015356520939697378,0.00017591299435856081,0.936,False
Basic,closing-trained,closing,False,VC_BVC,calibrated,4561,45424,1.5754460722777133,9.96576304915652e-05,-0.00010492092926141835,0.00029658473927029734,0.339,False
Basic,closing-trained,closing,False,WHC,raw,6633,42366,38.44508873092841,0.0005501629664522925,0.00026219541072211274,0.0008249299780307716,0.0,True
Basic,closing-trained,closing,False,WHC,calibrated,7253,42366,84.23997174056248,0.0006112876785278176,0.0002848549397855003,0.0008849902317948699,0.0,True
Basic,mixed-trained,opening,True,B365,raw,34022,76438,725029746.7002368,0.0005996626665660047,0.0004636059176032954,0.0007239463241603518,0.0,True
Basic,mixed-trained,opening,True,B365,calibrated,35894,76438,147950203509.94495,0.00071655824347589,0.0005727797338382849,0.000860898639607057,0.0,True
Basic,mixed-trained,opening,True,BW,raw,24313,72752,65881997.45006396,0.0007404835183784559,0.0005952566612529839,0.0008992766473492095,0.0,True
Basic,mixed-trained,opening,True,BW,calibrated,29845,72752,40182375504.766716,0.0008181167470650931,0.00065678721585505,0.0009784670635018269,0.0,True
Basic,mixed-trained,closing,False,PSC,raw,42881,71818,4.953385864381551e-06,-0.00028486833801001795,-0.00037791323283816163,-0.0001864605280678482,0.0,True
Basic,mixed-trained,closing,False,PSC,calibrated,39997,71818,0.00020928343679586943,-0.00021181141255173294,-0.0003272124063556092,-8.743343399381014e-05,0.0,True
Basic,mixed-trained,opening,True,PS,raw,45926,71284,43477338975.30675,0.0005333690218222064,0.00042445349748083743,0.0006425984911771737,0.0,True
Basic,mixed-trained,opening,True,PS,calibrated,48919,71284,282147608799934.5,0.0006801744002408649,0.0005617607564783344,0.0008043970466867492,0.0,True
Basic,mixed-trained,opening,True,VC_BV,raw,25631,68397,5855728.69909235,0.0006079720262511477,0.0004563053165902759,0.0007536559127617281,0.0,True
Basic,mixed-trained,opening,True,VC_BV,calibrated,29112,68397,1175733569.7398293,0.0007174071896266626,0.00056769858230539,0.0008667332639950953,0.0,True
Basic,mixed-trained,opening,True,WH,raw,22036,65470,6476490.531805303,0.000711730320249619,0.0005473095010860567,0.0008830199995987223,0.0,True
Basic,mixed-trained,opening,True,WH,calibrated,27493,65470,1397287497.395764,0.0007659330990551339,0.0006148698028413904,0.0009359469766600957,0.0,True
Basic,mixed-trained,opening,True,IW,raw,16562,57185,2296631.379800949,0.0008843710898334112,0.0006996190351794746,0.0010775562917238136,0.0,True
Basic,mixed-trained,opening,True,IW,calibrated,21808,57185,1277831747.6045988,0.0009615017668444238,0.0007581553048887317,0.00116853226929075,0.0,True
Basic,mixed-trained,closing,False,B365C,raw,9570,53267,0.36496211616611784,-0.00010532515382570968,-0.00022655849190606286,1.6365053569688114e-05,0.093,False
Basic,mixed-trained,closing,False,B365C,calibrated,7970,53267,0.5828597016499514,-6.773008413590776e-05,-0.0002008216378706946,7.531799553076424e-05,0.328,False
Basic,mixed-trained,closing,False,BWC,raw,3694,49755,1.3448130942019858,8.01989821274746e-05,-0.00013503865984235751,0.0003199389084159834,0.52,False
Basic,mixed-trained,closing,False,BWC,calibrated,6607,49755,1.8050063869841118,8.938461181685047e-05,-6.232585265268966e-05,0.00024410183744998307,0.247,False
Basic,mixed-trained,closing,False,VC_BVC,raw,6521,45424,0.46013373506020117,-0.00011903666667084287,-0.0002537785245706718,2.597268939281037e-05,0.106,False
Basic,mixed-trained,closing,False,VC_BVC,calibrated,4653,45424,0.7525270676718983,-6.110430102684717e-05,-0.0002519100108245763,0.0001184155114709695,0.455,False
Basic,mixed-trained,closing,False,WHC,raw,6852,42366,19.79081745037999,0.00043567105443605635,0.0001591597313118671,0.0006823041966514365,0.0,True
Basic,mixed-trained,closing,False,WHC,calibrated,6565,42366,38.51815364259962,0.0005561507468920061,0.0002710795711383747,0.0008306065075953777,0.0,True
Basic,opening-trained,opening,False,B365,raw,15836,76436,0.24472041624970148,-8.888853739698454e-05,-0.00017416456056794214,-5.187727609834155e-06,0.041,True
Basic,opening-trained,opening,False,B365,calibrated,10829,76436,0.41079478194418395,-8.215546247936716e-05,-0.00016742513938346423,1.2771895266464582e-05,0.101,False
Basic,opening-trained,opening,False,BW,raw,4611,72752,0.6760235690886637,-8.491158924987752e-05,-0.00020966578414846891,5.757785530769737e-05,0.248,False
Basic,opening-trained,opening,False,BW,calibrated,7841,72752,1.091338172614765,1.1147127222871786e-05,-9.820269502224652e-05,0.00011270142107037996,0.82,False
Basic,opening-trained,closing,False,PSC,raw,57078,71795,7.298564406275561e-13,-0.0004896094561263936,-0.0006107086898737228,-0.0003574150208268806,0.0,True
Basic,opening-trained,closing,False,PSC,calibrated,56645,71795,1.1426348555708726e-11,-0.0004447894633348632,-0.0005718568162209535,-0.00031466720747772833,0.0,True
Basic,opening-trained,opening,False,PS,raw,29835,71284,0.024602967074978964,-0.00012417926028198233,-0.0001815615010978797,-6.566515457565965e-05,0.0,True
Basic,opening-trained,opening,False,PS,calibrated,26675,71284,0.2603005975202469,-5.0456163879217196e-05,-0.00010114509443673662,1.4085869978119367e-06,0.055,False
Basic,opening-trained,opening,False,VC_BV,raw,9508,68397,0.23716423895543717,-0.00015134648574689687,-0.00026046879806741535,-4.6313600736639275e-05,0.007,True
Basic,opening-trained,opening,False,VC_BV,calibrated,8083,68397,0.5973719741682122,-6.374060216626547e-05,-0.00017643788198303963,4.767708481382514e-05,0.245,False
Basic,opening-trained,opening,False,WH,raw,5793,65469,0.6831231759951355,-6.578285692117366e-05,-0.00023679215078078135,9.936886559897555e-05,0.425,False
Basic,opening-trained,opening,False,WH,calibrated,5931,65469,1.3757402437213175,5.378383836205102e-05,-0.00012014740195116732,0.00023569781695378648,0.545,False
Basic,opening-trained,opening,False,IW,raw,3101,57184,3.7046220716514124,0.000422309335244376,0.0001454029010635313,0.0006674369547949358,0.004,True
Basic,opening-trained,opening,False,IW,calibrated,7443,57184,7.8901355942730165,0.00027752429400726116,6.240748534334204e-05,0.00048110469696851827,0.008,True
Basic,opening-trained,closing,False,B365C,raw,27138,53242,1.6928106199277853e-08,-0.0006593813290479537,-0.000835134081555877,-0.0004893187198387821,0.0,True
Basic,opening-trained,closing,False,B365C,calibrated,27203,53242,6.573957539718734e-08,-0.0006079316519336461,-0.000793363875799901,-0.00042328201822860616,0.0,True
Basic,opening-trained,closing,False,BWC,raw,19475,49734,4.898793644999653e-07,-0.0007460388534557486,-0.0009368024873142862,-0.0005761692710628845,0.0,True
Basic,opening-trained,closing,False,BWC,calibrated,20931,49734,3.540324040889304e-07,-0.0007096592322883532,-0.000915953816037057,-0.0005117708033171348,0.0,True
Basic,opening-trained,closing,False,VC_BVC,raw,22741,45398,3.221498820748097e-07,-0.0006573259279459391,-0.0008539124455587682,-0.0004626246874975176,0.0,True
Basic,opening-trained,closing,False,VC_BVC,calibrated,22708,45398,9.093176826679695e-07,-0.0006125846097384866,-0.0008218939021471686,-0.00040941185666996087,0.0,True
Basic,opening-trained,closing,False,WHC,raw,16306,42354,1.93287117489487e-05,-0.0006656395751337262,-0.000866913572453241,-0.000454449156179209,0.0,True
Basic,opening-trained,closing,False,WHC,calibrated,16588,42354,2.1703526692102813e-05,-0.0006473375807963266,-0.0008605943920754417,-0.00042016959709110477,0.0,True
Shin,closing-trained,closing,False,PSC,raw,13136,48593,1.0250235254938977,1.8815137049589966e-06,-8.272614594008212e-05,8.017994220663359e-05,0.947,False
Shin,closing-trained,closing,False,PSC,calibrated,18398,48593,0.9791623005839762,-1.1445737681182159e-06,-7.53112211181459e-05,7.497156062838762e-05,0.974,False
Shin,closing-trained,closing,False,B365C,raw,5198,53267,1.4043111508834771,6.532260455722821e-05,-8.003369149469229e-05,0.00021631732805678518,0.42,False
Shin,closing-trained,closing,False,B365C,calibrated,7374,53267,1.2529516162518783,3.058069715815872e-05,-0.00010470529683176244,0.00016400749159180587,0.687,False
Shin,closing-trained,closing,False,BWC,raw,2535,49755,2.6929963841654816,0.00039079071840219804,7.837397221959754e-05,0.0007390914993981934,0.014,True
Shin,closing-trained,closing,False,BWC,calibrated,6511,49755,3.3235220887955057,0.0001844609262359826,2.0512683970551765e-05,0.0003591789815298146,0.029,True
Shin,closing-trained,closing,False,VC_BVC,raw,2900,45424,1.6127042236562874,0.000164797383447515,-8.603045874457638e-05,0.0004198645843393691,0.204,False
Shin,closing-trained,closing,False,VC_BVC,calibrated,4097,45424,1.721948164923448,0.00013264737707639737,-7.827926100750909e-05,0.00035676353028643896,0.245,False
Shin,closing-trained,closing,False,WHC,raw,4980,42366,60.978183193354276,0.0008254048489221719,0.00042187291371302105,0.0011747988352744253,0.001,True
Shin,closing-trained,closing,False,WHC,calibrated,6675,42366,75.40913760099762,0.0006476297312379536,0.0003242853242733884,0.0009492926791163048,0.0,True
Shin,mixed-trained,opening,True,B365,raw,31621,76438,1887794278.8880584,0.0006754585540077642,0.0005459478268998282,0.00081205608915253,0.0,True
Shin,mixed-trained,opening,True,B365,calibrated,34959,76438,35721495031.55245,0.0006950718969726146,0.0005604552694338122,0.0008362664642371935,0.0,True
Shin,mixed-trained,opening,True,BW,raw,23893,72752,435973320.17524636,0.0008325907842122122,0.0006785153278702419,0.0009877815844000438,0.0,True
Shin,mixed-trained,opening,True,BW,calibrated,28919,72752,24022128667.770416,0.0008265237826450287,0.0006710059586564792,0.0009864197353682718,0.0,True
Shin,mixed-trained,closing,False,PSC,raw,35750,71818,0.0001786182841229303,-0.00024140586070079317,-0.00035304209608736666,-0.00012709963172343583,0.0,True
Shin,mixed-trained,closing,False,PSC,calibrated,39367,71818,0.0002980754235422443,-0.00020621749191830692,-0.00032043778839096126,-8.894838018395261e-05,0.0,True
Shin,mixed-trained,opening,True,PS,raw,44003,71284,675151510774.4044,0.0006190078622602549,0.0005094983946725953,0.0007334381362052677,0.0,True
Shin,mixed-trained,opening,True,PS,calibrated,48190,71284,71263276547990.4,0.0006619091565726143,0.0005439604560193689,0.0007761613731429784,0.0,True
Shin,mixed-trained,opening,True,VC_BV,raw,23908,68397,35276899.70860205,0.0007269005733855269,0.0005674974197271566,0.0008835262668277674,0.0,True
Shin,mixed-trained,opening,True,VC_BV,calibrated,28218,68397,578810361.3455106,0.0007150218106877751,0.0005638425541441892,0.0008616605950038199,0.0,True
Shin,mixed-trained,opening,True,WH,raw,21430,65470,29379521.712297384,0.0008024175664588853,0.0006308523959730837,0.0009834693445568336,0.0,True
Shin,mixed-trained,opening,True,WH,calibrated,26564,65470,483169194.3389836,0.0007527434666885637,0.0005889139669947003,0.0009301721425787624,0.0,True
Shin,mixed-trained,opening,True,IW,raw,17465,57185,13207064.796483377,0.0009388068970075362,0.0007415271156265829,0.0011249571049319965,0.0,True
Shin,mixed-trained,opening,True,IW,calibrated,21369,57185,745207658.5006485,0.0009560191620453264,0.0007609452984209494,0.0011400989138451814,0.0,True
Shin,mixed-trained,closing,False,B365C,raw,6413,53267,0.5821941520778668,-8.43522988064107e-05,-0.00023138784165205298,6.071971383862916e-05,0.253,False
Shin,mixed-trained,closing,False,B365C,calibrated,7786,53267,0.6559458414905813,-5.415836785892386e-05,-0.00019084268796073727,8.711062792330933e-05,0.467,False
Shin,mixed-trained,closing,False,BWC,raw,2740,49755,1.5649589831438322,0.00016345241415871377,-0.00012435671403476396,0.00046451137579110746,0.281,False
Shin,mixed-trained,closing,False,BWC,calibrated,6132,49755,2.2601382200802766,0.00013297879496764536,-3.273020607740113e-05,0.00030930400461179135,0.12,False
Shin,mixed-trained,closing,False,VC_BVC,raw,3871,45424,0.6896048373306051,-9.60053074055031e-05,-0.00028957542063677273,0.00010015243592238425,0.3,False
Shin,mixed-trained,closing,False,VC_BVC,calibrated,4216,45424,0.8636207051887421,-3.477742058594187e-05,-0.00022992925072246864,0.00015910497814601517,0.668,False
Shin,mixed-trained,closing,False,WHC,raw,4774,42366,32.033424967584665,0.0007261792810839171,0.00036745605176271835,0.0010503223651419638,0.001,True
Shin,mixed-trained,closing,False,WHC,calibrated,5914,42366,32.855266089826735,0.0005904822521527328,0.00027813370701499024,0.0008909591596952805,0.0,True
Shin,opening-trained,opening,False,B365,raw,8796,76436,0.499426134359092,-7.893310265912976e-05,-0.0001690788464225298,3.183149356408787e-05,0.188,False
Shin,opening-trained,opening,False,B365,calibrated,10578,76436,0.333073233013536,-0.0001039320187389633,-0.00018981379706913112,-1.0359785932190674e-06,0.049,True
Shin,opening-trained,opening,False,BW,raw,2315,72752,1.1601781589668942,6.417865168101199e-05,-0.0001139745238390366,0.00028875674817729457,0.4,False
Shin,opening-trained,opening,False,BW,calibrated,7441,72752,1.3252326756695136,3.784276956060267e-05,-6.655052124017955e-05,0.00015185238018926726,0.442,False
Shin,opening-trained,closing,False,PSC,raw,55765,71795,7.664026354404737e-12,-0.00045897038709833695,-0.0005828706211457168,-0.0003289807381495271,0.0,True
Shin,opening-trained,closing,False,PSC,calibrated,56441,71795,1.466399679446027e-11,-0.00044197703485038297,-0.0005720776960218834,-0.0003048273048520189,0.0,True
Shin,opening-trained,opening,False,PS,raw,18357,71284,0.3455783896855381,-5.788177664391743e-05,-0.00010794235544389786,-2.755769571954989e-06,0.038,True
Shin,opening-trained,opening,False,PS,calibrated,24953,71284,0.2509507609118065,-5.540410094019348e-05,-0.0001125523081203795,5.321959600940569e-07,0.054,False
Shin,opening-trained,opening,False,VC_BV,raw,4268,68397,0.933727182282723,-1.60663025957573e-05,-0.00015091645140140672,0.00011837144787517398,0.722,False
Shin,opening-trained,opening,False,VC_BV,calibrated,7333,68397,0.6396651803726805,-6.09314598649649e-05,-0.00017894040568558153,4.780048126911426e-05,0.265,False
Shin,opening-trained,opening,False,WH,raw,2996,65469,1.8480934183237119,0.00020499149632269894,-7.223414293746955e-05,0.0005063699103476639,0.155,False
Shin,opening-trained,opening,False,WH,calibrated,6418,65469,1.1598255361462648,2.3102149257271375e-05,-0.0001380757914483409,0.00021293865603618339,0.737,False
Shin,opening-trained,opening,False,IW,raw,3579,57184,5.601609706908541,0.0004814344800497854,0.00019761901722596917,0.0007396421318708047,0.0,True
Shin,opening-trained,opening,False,IW,calibrated,7179,57184,9.844708351327347,0.000318558864411813,0.0001057200765493907,0.0005231525787165861,0.001,True
Shin,opening-trained,closing,False,B365C,raw,26159,53242,7.353585022795788e-08,-0.000627909812738999,-0.0008098278573301968,-0.00045308635109080124,0.0,True
Shin,opening-trained,closing,False,B365C,calibrated,27097,53242,6.210843724422345e-08,-0.000612406686784124,-0.0008135348714349487,-0.00041695788315599064,0.0,True
Shin,opening-trained,closing,False,BWC,raw,19224,49734,7.188530281295254e-07,-0.0007358306758022781,-0.0009283567616856029,-0.000547033837920356,0.0,True
Shin,opening-trained,closing,False,BWC,calibrated,20970,49734,3.1841548455459905e-07,-0.0007133957440039868,-0.0009097236260221156,-0.0005068353973564524,0.0,True
Shin,opening-trained,closing,False,VC_BVC,raw,21857,45398,9.220782668431672e-07,-0.0006357979470593566,-0.0008370186276830818,-0.0004280154431735913,0.0,True
Shin,opening-trained,closing,False,VC_BVC,calibrated,22573,45398,1.064045681698945e-06,-0.0006092868574863277,-0.0008148419013774347,-0.00040715041274772684,0.0,True
Shin,opening-trained,closing,False,WHC,raw,15400,42354,3.6230254184318325e-05,-0.0006640010413785642,-0.0008787299582432998,-0.000440578603881719,0.0,True
Shin,opening-trained,closing,False,WHC,calibrated,16333,42354,3.113988034262197e-05,-0.0006353407967995913,-0.0008595009027441256,-0.000406189896632105,0.0,True
